ORISPL,NAMEPCAP,GENNTAN,weighted_coal_CAPFAC,weighted_coal_AGE,coal_FUELS,num_coal_GENS,NONcoal_FUELS,ret_STATUS,ret_DATE,Retrofit Costs,PNAME,PLGENACL,PLPRMFL,PLCLPR,FIPSST,FIPSCNTY,LAT,LON,STCLPR,STGSPR,2020_netCashflow,aveCashFlow,forwardCosts,PLSO2AN,SECTOR,Utility ID,Entity Type,securitization_policy,governor_party,legislation_majority_party,CO2limitsOppose,2018to2021change_CO2opposition
2277.0,228.7,844659.0,0.4232124502313952,57.902929602098766,"['SUB', 'SUB']",2,0,0.0,,0.0,Sheldon,842434.62,SUB,0.997366538439891,31,109.0,40.5589,-96.7847,0.49942375033099,0.0309505875479779,-2781787.4460219704,554548.1145545288,42.352857,2537.228,Electric Utility,13337.0,P,None,Republican,Republican,31.83,4.904
108.0,348.7,1599571.0,0.524,38.0,['SUB'],1,0,0.0,,1330000.0,Holcomb,1584872.1,SUB,0.990810747782761,20,55.0,37.9308,-100.9725,0.342851683252965,0.0470578987739339,2922185.444509832,6180829.691503699,27.042224,1176.131,Electric Utility,18315.0,C,Introduced,Democrat,Republican,40.81,4.618000000000002
1250.0,517.0,1888956.0,0.4225610638892595,52.425531914893554,"['SUB', 'SUB']",2,0,1.0,2023.0,250219000.0,Lawrence Energy Center,1864664.9,SUB,0.987140439780398,20,45.0,39.0072,-95.269167,0.342851683252965,0.0470578987739339,9833659.705516089,16141750.305167448,29.506238,273.37,Electric Utility,22500.0,I,Introduced,Democrat,Republican,28.687,4.873000000000001
6064.0,261.0,1272074.0,0.556,40.0,['SUB'],1,['NG'],0.0,,170000000.0,Nearman Creek,1266147.6,SUB,0.954788964291524,20,209.0,39.1681,-94.6975,0.342851683252965,0.0470578987739339,-289651.1744112215,2283543.6598848077,36.451857,1327.823,Electric Utility,9996.0,M,Introduced,Democrat,Republican,29.505,5.684999999999999
6139.0,1116.0,4328149.0,0.4564007505286902,41.5,"['SUB', 'SUB']",2,0,1.0,2028.0,95696000.0,Welsh Power Plant,4322698.6,SUB,0.998740716633643,48,449.0,33.05522,-94.839993,0.184801255632154,0.482872080083905,-1213938.617228809,13417297.064415863,33.709512,9879.853,Electric Utility,17698.0,I,None,Republican,Republican,56.095,1.9269999999999996
6179.0,1690.0,10281366.0,0.7049423981210279,39.186390532544465,"['RC', 'RC', 'RC']",3,0,0.0,,19000000.0,Sam Seymour,10266506.68,RC,0.998554768837649,48,149.0,29.9172,-96.7506,0.184801255632154,0.482872080083905,41482253.41274066,68867367.03481795,27.729484,1119.727,Electric Utility,11269.0,P,None,Republican,Republican,58.807,1.0160000000000053
56611.0,1008.0,5385695.0,0.61,8.0,['SUB'],1,0,0.0,,100526000.0,Sandy Creek Energy Station,5385695.0,SUB,1.0,48,309.0,31.474378,-96.957149,0.184801255632154,0.482872080083905,927947.5198119148,36399512.83260613,29.052415,2842.38,IPP Non-CHP,55861.0,Q,None,Republican,Republican,40.803,5.721999999999994
1573.0,1252.0,1384160.0,0.13859386198127382,50.5,"['BIT', 'BIT']",2,"['DFO', 'DFO', 'DFO', 'DFO', 'DFO', 'DFO']",0.0,,0.0,Morgantown,1382680.6,BIT,0.998699616638136,24,17.0,38.3592,-76.9767,0.135555029318402,0.364423040453014,,,83.023031,864.065,IPP Non-CHP,12653.0,Q,None,Republican,Democrat,28.483,3.6580000000000013
6052.0,1904.0,1115395.0,0.11544975726088068,44.0,"['BIT', 'BIT']",2,0,1.0,2022.0,34139000.0,Wansley (6052),1139575.4,BIT,1.0,13,149.0,33.41342,-85.032329,0.153592744518301,0.456306095133992,,,83.560391,920.977,Electric Utility,7140.0,I,None,Republican,Republican,61.433,0.1390000000000029
6257.0,3564.0,8339312.0,0.3117080855111309,35.5,"['SUB', 'SUB', 'SUB', 'SUB']",4,0,2.0,2028.0,1400037000.0,Scherer,8323638.0,SUB,0.998120471802395,13,207.0,33.0606,-83.8075,0.153592744518301,0.456306095133992,-42908410.601932496,4926752.703440353,47.069933,795.392,Electric Utility,7140.0,I,None,Republican,Republican,58.673,1.4059999999999988
10865.0,335.0,1085111.0,0.4477338051130253,25.471641791044703,"['BIT', 'BIT', 'BIT', 'BIT', 'BIT', 'BIT', 'BIT']",7,0,0.0,,0.0,Archer Daniels Midland Co.,1081116.3,BIT,0.996318616286089,17,115.0,39.870074,-88.890756,0.237104081209513,0.113896706725928,,,,16199.946,Industrial CHP,772.0,IND,None,Democrat,Democrat,40.948,9.722999999999999
57928.0,3.5,7259.0,0.23699999999999996,23.0,['BIT'],1,0,0.0,,0.0,SIUC,7259.0,BIT,1.0,17,77.0,37.711944,-89.215,0.237104081209513,0.113896706725928,,,,131.382,Commercial CHP,57306.0,S,None,Democrat,Democrat,32.197,8.130000000000003
1167.0,293.5,976297.0,0.48772997049053723,42.66439522998303,"['SUB', 'SUB', 'SUB', 'RC']",4,0,2.0,2023.0,3023000.0,Muscatine,973251.31,RC,0.996880368361924,19,139.0,41.3917,-91.0569,0.328973043305685,0.096186892878803,-3529755.3636735957,1480248.9043135347,42.514836,619.353,Electric Utility,13143.0,M,None,Republican,Republican,41.576,5.578000000000003
10864.0,256.1,713715.0,0.34068147089524525,27.415462709879193,"['SUB', 'SUB', 'SUB', 'SUB', 'SUB', 'SUB']",6,['NG'],0.0,,1200000.0,Archer Daniels Midland Cedar Rapids,713355.02,SUB,0.757536841188645,19,113.0,41.9221,-91.6875,0.328973043305685,0.096186892878803,,,,412.643,Industrial CHP,772.0,IND,None,Republican,Republican,35.773,6.075000000000003
1384.0,344.0,478612.0,0.1632090210859736,53.320930232557885,"['BIT', 'BIT']",2,0,0.0,,245126000.0,John S. Cooper,478042.9,BIT,0.998810940798856,21,199.0,36.9981,-84.5919,0.713294641043891,0.208454594061024,-805461.8170235937,3433626.9106051247,73.921529,164.5,Electric Utility,5580.0,C,None,Democrat,Republican,52.114,7.457000000000001
6018.0,772.0,2542673.0,0.376,40.0,['BIT'],1,0,0.0,,0.0,East Bend,2532680.6,BIT,0.996070101497403,21,15.0,38.9036,-84.8514,0.713294641043891,0.208454594061024,-13516603.193513067,17357376.332194444,37.372126,1755.676,Electric Utility,55729.0,I,None,Democrat,Republican,43.983,4.259
1702.0,544.0,2953962.0,1.241906111859259,61.0,"['SUB', 'SUB', 'SUB', 'SUB']",4,"['NG', 'NG']",1.0,2023.0,257439000.0,Dan E Karn,2818012.422,SUB,0.914302059576195,26,17.0,43.644996,-83.840074,0.321371802989652,0.264501673831973,,,36.186975,1077.401,Electric Utility,4254.0,I,Passed,Democrat,Republican,39.412,7.119
1743.0,1209.6,3217486.0,0.3174038774372289,58.33581349206361,"['RC', 'RC', 'RC', 'RC']",4,"['NG', 'DFO', 'DFO']",0.0,,117500000.0,St. Clair,3166554.3,RC,0.983266998851073,26,147.0,42.7642,-82.4719,0.321371802989652,0.264501673831973,-13174240.656006115,15337379.070331177,38.497274,13141.471,Electric Utility,5109.0,I,Passed,Democrat,Republican,41.877,6.536000000000001
1745.0,535.5,1102055.0,0.235,53.0,['SUB'],1,0,0.0,,26700000.0,Trenton Channel,1097871.693,SUB,0.996204126677334,26,163.0,42.1217,-83.1808,0.321371802989652,0.264501673831973,-6655024.224449952,-45696707.45944722,41.069796,3445.304,Electric Utility,5109.0,I,Passed,Democrat,Republican,26.04,3.8419999999999987
50835.0,70.0,488833.0,0.797,31.0,['BIT'],1,0,0.0,,0.0,TES Filer City Station,341251.66,BIT,0.698094563992202,26,101.0,44.217299,-86.28905,0.321371802989652,0.264501673831973,-8816210.914266206,-8593399.093164401,,147.025,IPP CHP,18414.0,Q,Passed,Democrat,Republican,37.578,6.921000000000003
57949.0,2.5,1336.0,0.102,35.40000000000009,"['BIT', 'BIT']",2,0,0.0,,0.0,MSC Sebewaing,957.319,BIT,0.716556137724551,26,63.0,43.741111,-83.447222,0.321371802989652,0.264501673831973,,,,5.843,Industrial CHP,57324.0,C,Passed,Democrat,Republican,42.456,7.032000000000004
6090.0,2469.3,9201847.0,0.43001907606157763,40.508443688494935,"['SUB', 'SUB', 'SUB']",3,0,1.0,2025.0,13700000.0,Sherburne County,9184463.6,SUB,0.998110875248186,27,141.0,45.3808,-93.8931,0.266049997834806,0.2162123240102,-41422042.932104945,32585802.272522263,35.041143,3884.335,Electric Utility,13781.0,I,Introduced,Democrat,Divided,47.695,6.055
10075.0,168.0,0.0,0.0,64.0,"['SUB', 'SUB']",2,0,1.0,2023.0,5000000.0,Taconite Harbor Energy Center,0.0,SUB,1.0,27,31.0,47.5314,-90.9114,0.266049997834806,0.2162123240102,,,,,Electric Utility,12647.0,I,Introduced,Democrat,Divided,29.458,0.5769999999999982
10849.0,131.6,0.0,0.0,61.65957446808511,"['SUB', 'SUB']",2,0,0.0,,0.0,Northshore Mining Silver Bay Power,0.0,SUB,1.0,27,75.0,47.286573,-91.260531,0.266049997834806,0.2162123240102,,,,,Industrial CHP,3807.0,IND,Introduced,Democrat,Divided,35.465,7.602000000000004
54211.0,5.0,0.0,0.0,67.79999999999995,"['SUB', 'SUB']",2,0,0.0,,0.0,American Crystal Sugar Moorhead,0.0,SUB,1.0,27,27.0,46.9026,-96.76112,0.266049997834806,0.2162123240102,,,,,Industrial CHP,491.0,C,Introduced,Democrat,Divided,33.909,6.363999999999997
2103.0,2389.4,16608055.0,0.7997273972780076,49.46040847074573,"['RC', 'RC', 'RC', 'RC']",4,0,0.0,,16100000.0,Labadie,16590992.5,RC,0.998972640080288,29,71.0,38.562244,-90.837686,0.751978263380225,0.0787478294207267,106206322.63425048,122541150.21891448,23.868884,41927.819,Electric Utility,19436.0,I,Passed,Republican,Republican,50.716,10.697000000000003
2104.0,648.0,510740.20999999996,0.0967573538609776,60.89197530864203,"['SUB', 'SUB']",2,"['NG', 'NG']",1.0,2022.0,12100000.0,Meramec,484465.43,SUB,0.889197896653354,29,189.0,38.4017,-90.3358,0.751978263380225,0.0787478294207267,-6069198.184012407,6550240.258584987,62.128849,1539.091,Electric Utility,19436.0,I,Passed,Republican,Republican,30.923,7.140999999999998
2442.0,1636.2,7904357.0,0.5596361419404514,51.49999999999977,"['SUB', 'SUB']",2,0,0.0,,6332000.0,Four Corners Steam Elec Station,7805117.8,SUB,0.987445004892297,35,45.0,36.69,-108.4814,0.357427874557872,0.284515337301781,-94921514.7035991,-51793086.12067003,50.063342,1969.598,Electric Utility,803.0,I,Passed,Democrat,Democrat,50.084,-2.3969999999999985
2712.0,2558.2,5519132.0,0.2639129471808248,48.36908763974634,"['BIT', 'BIT', 'BIT', 'BIT']",4,0,2.0,2028.0,0.0,Roxboro,5497882.0,BIT,0.99614975652108,37,145.0,36.4833,-79.0731,0.157285066830212,0.365449664813441,-16031062.86724585,9667601.879036244,49.238049,2959.327,Electric Utility,3046.0,I,Passed,Democrat,Republican,51.263,4.582999999999998
54276.0,28.0,54266.0,0.221,30.0,['BIT'],1,0,0.0,,5500000.0,University of NC Chapel Hill,28983.471,BIT,0.534100007371098,37,135.0,35.9069,-79.0617,0.157285066830212,0.365449664813441,-47102.063931198114,-40135.45386028288,,202.782,Commercial CHP,19541.0,S,Passed,Democrat,Republican,23.549,4.939
2823.0,734.0,4474993.0,0.6969381558809142,46.45095367847421,"['RC', 'RC']",2,0,0.0,,7222000.0,Milton R Young,4462874.53,RC,0.997291948192197,38,65.0,47.065854,-101.213093,0.567079910255583,0.0366637556112879,-29116185.339098826,4249251.906326535,29.209649,2322.12,Electric Utility,12658.0,C,None,Republican,Republican,60.14,4.674999999999997
2876.0,1086.5,5034281.0,0.5323835437473592,66.0,"['BIT', 'BIT', 'BIT', 'BIT', 'BIT']",5,0,0.0,,261745000.0,Kyger Creek,5027169.3,BIT,0.998587353773194,39,53.0,38.9144,-82.1289,0.363510582472614,0.446241978357804,-13404311.140638895,32230180.507142536,39.924056,3812.994,Electric Utility,14015.0,I,None,Republican,Republican,61.3,0.4510000000000005
2914.0,27.5,57661.0,0.338,57.07272727272721,"['BIT', 'BIT']",2,"['DFO', 'NG']",0.0,,1400000.0,Dover,57452.116,BIT,0.980093757996554,39,157.0,40.520066,-81.46815,0.363510582472614,0.446241978357804,,,57.938225,1692.528,Electric Utility,5336.0,M,None,Republican,Republican,46.643,7.417999999999999
2935.0,59.5,14187.0,0.03548318883484881,57.563025210084106,"['BIT', 'BIT', 'BIT', 'BIT']",4,['NG'],0.0,,0.0,Orrville,14038.29,NG,0.514166575101637,39,169.0,40.850964,-81.765764,0.363510582472614,0.446241978357804,,,135.481411,652.903,Electric Utility,14194.0,M,None,Republican,Republican,46.042,7.349000000000004
8102.0,2600.0,13806727.0,0.6119658980727294,46.5,"['RC', 'RC']",2,0,0.0,,0.0,Gen J M Gavin,13776606.92,RC,0.997818446188072,39,53.0,38.9347,-82.1158,0.363510582472614,0.446241978357804,-18120085.802503046,107032283.69551872,34.20518,25841.809,IPP Non-CHP,61135.0,Q,None,Republican,Republican,61.3,0.4510000000000005
3136.0,1872.0,7415481.0,0.4566621124105099,53.5,"['RC', 'RC']",2,"['DFO', 'DFO', 'DFO', 'DFO']",0.0,,0.0,Keystone,7414071.19,RC,0.999781834433495,42,5.0,40.6604,-79.3411,0.121210149334547,0.524930088751098,-27728791.738214355,96705140.91166936,33.428082,17012.777,IPP Non-CHP,63047.0,Q,None,Democrat,Republican,54.271,10.911000000000001
3140.0,1616.1,2518536.0,0.17959918262037944,54.8008167811397,"['BIT', 'BIT', 'BIT']",3,0,1.0,2028.0,30907000.0,"Brunner Island, LLC",1920017.8,BIT,0.762354706287792,42,133.0,40.096111,-76.6962,0.121210149334547,0.524930088751098,,,47.137846,3644.123,IPP Non-CHP,15537.0,Q,None,Democrat,Republican,36.115,4.399000000000001
10143.0,118.0,643626.0,0.623,26.0,['WC'],1,0,0.0,,0.0,Colver Green Energy,643623.26,WC,0.999995747530378,42,21.0,40.55,-78.8,0.121210149334547,0.524930088751098,-4968194.509271233,3976573.0235543484,25.308599,2333.515,IPP Non-CHP,9379.0,Q,None,Democrat,Republican,44.671,7.351999999999997
10603.0,57.6,231799.0,0.459,31.0,['WC'],1,0,0.0,,0.0,Ebensburg Power Company,230980.64,WC,0.996469510283142,42,21.0,40.455,-78.7472,0.121210149334547,0.524930088751098,-6623199.843872358,-1786559.8594009983,33.864839,1022.135,IPP Non-CHP,5670.0,Q,None,Democrat,Republican,44.671,7.351999999999997
50611.0,36.0,146673.0,0.465,34.0,['WC'],1,0,0.0,,0.0,"Rausch Creek Generation, LLC",145730.56,WC,0.993574556963958,42,107.0,40.6191,-76.45,0.121210149334547,0.524930088751098,-5566494.642013745,-1084521.7529168937,43.354655,253.08,IPP Non-CHP,58224.0,Q,None,Democrat,Republican,44.657,7.132999999999996
3935.0,2932.6,12011111.0,0.47012461661539884,48.83506103798686,"['BIT', 'BIT', 'BIT']",3,0,0.0,,0.0,John E Amos,11956892.0,BIT,0.995485931144816,54,79.0,38.4731,-81.8233,0.90608161803614,0.0398721574129053,-51947339.582342945,62478033.7058679,35.740302,6345.58,Electric Utility,733.0,I,None,Republican,Republican,56.518,7.439999999999998
3943.0,1152.0,5208498.0,0.5164261228477001,53.5,"['BIT', 'BIT']",2,0,0.0,,0.0,Fort Martin Power Station,5188393.6,BIT,0.996140079530352,54,61.0,39.710833,-79.9275,0.90608161803614,0.0398721574129053,-20056223.73685127,44009391.952819414,37.487888,2579.91,Electric Utility,12796.0,I,None,Republican,Republican,36.763,5.821999999999999
3944.0,2052.0,11494151.0,0.6583633859516898,48.0,"['RC', 'RC', 'RC']",3,0,0.0,,645993000.0,Harrison Power Station,11476110.0,RC,0.998430404669345,54,33.0,39.384167,-80.3325,0.90608161803614,0.0398721574129053,-707254.8981827744,93735401.0123414,28.473,10010.762,Electric Utility,12796.0,I,None,Republican,Republican,50.381,6.219999999999999
4041.0,1240.0,4475795.0,0.5221847501952168,57.89032258064526,"['RC', 'RC', 'RC', 'RC']",4,0,1.0,2024.0,1260712000.0,South Oak Creek,4449883.6,RC,0.994210775936837,55,79.0,42.8457,-87.8294,0.427155986913532,0.331681515035916,-22806823.78446657,5499619.707093045,39.727352,256.426,Electric Utility,20847.0,I,Passed,Democrat,Republican,29.031,7.549999999999997
54098.0,12.0,46326.0,0.441,54.0,['BIT'],1,"['BLQ', 'BLQ', 'BLQ']",0.0,,20504000.0,Kaukauna Paper Mill,59456.137,BIT,0.315701890298943,55,87.0,44.2826,-88.2534,0.427155986913532,0.331681515035916,,,,684.392,Industrial CHP,54738.0,IND,Passed,Democrat,Republican,38.288,8.295999999999996
7504.0,90.0,615139.0,0.78,26.0,['SUB'],1,['NG'],0.0,,581000.0,Neil Simpson II,613697.85,SUB,0.87417734630855,56,5.0,44.2856,-105.3833,0.737173959299694,0.0345300275742697,9311564.689144477,8396149.472671023,19.288828,373.537,Electric Utility,19545.0,I,None,Republican,Republican,60.063,5.169000000000004
56319.0,95.0,649020.0,0.78,13.0,['SUB'],1,0,0.0,,8000000.0,Wygen II,646151.21,SUB,0.995579804970727,56,5.0,44.2919,-105.3811,0.737173959299694,0.0345300275742697,10854650.429990416,10160726.216707112,,125.31,Electric Utility,19545.0,I,None,Republican,Republican,60.063,5.169000000000004
6138.0,558.0,2805375.0,0.574,43.0,['SUB'],1,0,0.0,,359079000.0,Flint Creek Power Plant,2800839.1,SUB,0.99838313345898,5,7.0,36.2561,-94.5241,0.350551493143048,0.337626181989066,8563376.876098609,24507275.785168827,30.381309,852.786,Electric Utility,17698.0,I,None,Republican,Republican,40.537,5.731999999999999
6055.0,1276.9,2559491.0,0.3107542366822153,39.030464405983366,"['SUB', 'SUB']",2,['NG'],2.0,2025.0,114925000.0,Big Cajun 2,2419151.77,RC,0.898157324383807,22,77.0,30.7261,-91.3692,0.0810242880356293,0.646874472712293,-9442550.515470108,-17200624.46572481,45.222753,7945.999,IPP Non-CHP,11252.0,I,Passed,Democrat,Republican,47.956,6.823
6073.0,1096.6,2783012.0,0.33336614861883457,42.000000000000455,"['SUB', 'SUB']",2,"['NG', 'NG', 'NG', 'NG', 'NG', 'NG']",1.0,2027.0,674334000.0,Daniel Electric Generating Plant,2777878.92,SUB,0.2461439235299,28,59.0,30.5322,-88.5553,0.0816657136380364,0.717934352764861,-38861279.970825374,-26981586.822578058,45.88484,168.782,Electric Utility,12686.0,I,None,Republican,Republican,46.328,4.918000000000006
6165.0,1577.2,9248963.0,0.6707786679436387,40.66294699467403,"['RC', 'RC', 'RC']",3,0,0.0,,0.0,Hunter,9240947.01,RC,0.999133306730798,49,15.0,39.1747,-111.0289,0.619721191398972,0.250962634205044,81650314.56238331,84345887.10071379,31.570782,3848.33,Electric Utility,14354.0,I,Introduced,Republican,Republican,61.435,-1.2579999999999956
6481.0,1640.0,7580586.0,0.5288368324031942,34.5,"['BIT', 'BIT']",2,0,1.0,2025.0,0.0,Intermountain,7561197.96,BIT,0.99744240459535,49,27.0,39.509731,-112.58018,0.619721191398972,0.250962634205044,150313468.1339292,126391166.94917388,34.3799,2414.717,Electric Utility,11208.0,M,Introduced,Republican,Republican,59.33,-1.1020000000000039
7790.0,499.5,2916083.0,0.666,35.0,['BIT'],1,0,1.0,2030.0,0.0,Bonanza,2912627.1,BIT,0.998814893801746,49,47.0,40.0864,-109.2844,0.619721191398972,0.250962634205044,14725400.845043167,22471614.445023086,34.526981,849.251,Electric Utility,40230.0,C,Introduced,Republican,Republican,52.746,1.311
8069.0,1037.3,6263658.0,0.6906655409666365,45.43449339631752,"['BIT', 'BIT']",2,0,0.0,,0.0,Huntington,6261476.3,BIT,0.999651687401169,49,15.0,39.3792,-111.0781,0.619721191398972,0.250962634205044,20434650.13848918,52009862.20381444,30.964886,2690.328,Electric Utility,14354.0,I,Introduced,Republican,Republican,61.435,-1.2579999999999956
6002.0,2822.0,20528965.0,0.836000153831428,35.25,"['SUB', 'SUB', 'SUB', 'SUB']",4,0,0.0,,0.0,James H Miller Jr,20252052.0,SUB,0.986511125859206,1,73.0,33.6319,-87.0597,0.188471647732135,0.381459369107625,27220019.550084498,169579815.48407665,25.704422,1259.123,Electric Utility,195.0,I,None,Republican,Republican,30.294,3.397000000000002
3.0,1192.5,3870545.0,0.40912118784305573,50.67706498951816,"['BIT', 'BIT']",2,"['NG', 'NG', 'NG', 'NG', 'NG', 'NG']",1.0,2023.0,9260000.0,Barry,3678398.5,BIT,0.311932606302006,1,97.0,31.0069,-88.0103,0.188471647732135,0.381459369107625,-64366267.69405108,-54789397.136887334,46.630944,3881.67,Electric Utility,195.0,I,None,Republican,Republican,39.525,6.729999999999997
60.0,324.3,1299367.0,0.4751630024465759,17.058279370952732,"['RC', 'SUB']",2,0,0.0,,2318000.0,Gerald Whelan Energy Center,1297151.84,SUB,0.998295201431386,31,1.0,40.580872,-98.312437,0.49942375033099,0.0309505875479779,-1772102.6225591674,2266392.6037302166,38.604322,2476.428,Electric Utility,8245.0,M,None,Republican,Republican,45.568,6.829000000000001
6096.0,1389.6,6963264.0,0.5731004149778035,26.067357512952867,"['SUB', 'SUB']",2,0,0.0,,18000000.0,Nebraska City Station,6933993.9,SUB,0.995796503452267,31,131.0,40.6214,-95.7764,0.49942375033099,0.0309505875479779,11120401.174826143,45541610.02363138,19.44632,9465.401,Electric Utility,14127.0,P,None,Republican,Republican,54.578,12.461000000000006
10862.0,7.9,29352.0,0.424,33.0,['SUB'],1,0,0.0,,0.0,Archer Daniels Midland Lincoln,29352.0,SUB,1.0,31,109.0,40.866463,-96.614486,0.49942375033099,0.0309505875479779,,,,48.91,Industrial CHP,772.0,IND,None,Republican,Republican,31.83,4.904
57046.0,71.4,272515.0,0.436,11.000000000000227,['SUB'],1,0,0.0,,0.0,Archer Daniels Midland Columbus,272515.0,SUB,1.0,31,141.0,41.416442,-97.286328,0.49942375033099,0.0309505875479779,,,,63.227,Industrial CHP,772.0,IND,None,Republican,Republican,46.332,8.131
50392.0,25.0,73660.0,0.4629004480043443,51.0,"['SUB', 'SUB', 'SUB', 'SUB', 'SUB']",5,"['DFO', 'DFO', 'DFO', 'DFO']",0.0,,13948000.0,Eielson AFB Central Heat & Power Plant,73660.0,SUB,0.996051492860234,2,90.0,64.67141,-147.075988,0.114075624112421,0.467487144463062,,,,69.656,Commercial CHP,22199.0,F,None,Republican,Republican,36.598,4.170999999999999
50711.0,30.0,71491.0,0.5029475458449315,19.59999999999991,"['SUB', 'SUB', 'SUB', 'SUB']",4,0,0.0,,0.0,University of Alaska Fairbanks,70619.656,SUB,0.995035450600237,2,90.0,64.854171,-147.822075,0.114075624112421,0.467487144463062,,,,61.115,Commercial CHP,19511.0,S,None,Republican,Republican,36.598,4.170999999999999
3298.0,659.7,2433125.0,0.421,48.0,['BIT'],1,"['NG', 'NG']",0.0,,842000.0,Williams,2426865.1,BIT,0.99696749340105,45,15.0,33.0158,-79.9297,0.154803685749238,0.234607360018203,,,50.279324,587.512,Electric Utility,17554.0,I,Introduced,Republican,Republican,40.966,4.8430000000000035
6249.0,1260.0,3084266.0,0.38702829846712317,42.75,"['RC', 'RC', 'RC', 'RC']",4,0,1.0,2028.0,0.0,Winyah,3074707.7,RC,0.996900958251957,45,43.0,33.33184,-79.357236,0.154803685749238,0.234607360018203,-27749997.418188438,-9249216.86162161,49.255048,2030.439,Electric Utility,17543.0,S,Introduced,Republican,Republican,39.063,5.673000000000002
564.0,929.0,4573755.0,0.568591086973395,29.5,"['BIT', 'BIT']",2,"['NG', 'NG']",1.0,2027.0,7240000.0,Curtis H. Stanton Energy Center,4188117.8,BIT,0.672555667813166,12,95.0,28.4822,-81.1678,0.074678734025661,0.740780814427665,-21655751.739500187,-1053130.6021100304,40.227125,2708.363,Electric Utility,14610.0,M,None,Republican,Republican,29.657,5.731999999999999
628.0,1478.4,5042303.0,0.3897286438359615,38.0,"['BIT', 'BIT']",2,"['NG', 'NG', 'NG', 'NG', 'NG', 'NG']",0.0,,82644000.0,Crystal River,5015522.9,BIT,0.310417361703805,12,17.0,28.9656,-82.6977,0.074678734025661,0.740780814427665,-2648709.7964344993,-35500162.00574509,53.816297,3634.785,Electric Utility,6455.0,I,None,Republican,Republican,43.574,7.869
298.0,1849.8,5702129.0,0.3564040282147247,35.48275489242087,"['SUB', 'SUB']",2,0,0.0,,8343000.0,Limestone,5671893.9,SUB,0.994697572108325,48,293.0,31.4219,-96.2525,0.184801255632154,0.482872080083905,-770316.0111414739,123190162.18318479,40.365343,5103.949,IPP Non-CHP,54888.0,Q,None,Republican,Republican,58.287,7.003
3470.0,2736.8,13173360.0,0.562223672472323,41.863234434375954,"['SUB', 'SUB', 'SUB', 'SUB']",4,"['NG', 'NG', 'NG', 'NG', 'NG']",0.0,,11951000.0,W A Parish,12934117.0,SUB,0.872938098065427,48,157.0,29.4828,-95.6311,0.184801255632154,0.482872080083905,12767290.138810793,101622697.0384979,31.539628,33869.81,IPP Non-CHP,54888.0,Q,None,Republican,Republican,31.804,3.378
6146.0,2379.6000000000004,13179510.0,0.6389138400441291,43.000000000000455,"['SUB', 'SUB', 'SUB']",3,0,0.0,,0.0,Martin Lake,13164418.1,SUB,0.998854918405351,48,401.0,32.2606,-94.5706,0.184801255632154,0.482872080083905,50632201.133966915,204261051.79827034,33.393741,48782.477,IPP Non-CHP,55983.0,Q,None,Republican,Republican,60.343,5.062000000000005
6178.0,622.4,3412862.0,0.6260000000000001,41.0,['RC'],1,0,1.0,2027.0,2400000.0,Coleto Creek,3407777.28,RC,0.99851014308063,48,175.0,28.7128,-97.214167,0.184801255632154,0.482872080083905,-10510780.99787204,31517384.894483447,28.214138,10401.47,IPP Non-CHP,56570.0,I,None,Republican,Republican,56.068,2.4549999999999983
6180.0,1795.4,12334134.0,0.7849613600760298,10.510638297872447,"['RC', 'RC']",2,0,0.0,,0.0,Oak Grove,12211633.99,RC,0.990068225163728,48,395.0,31.1803,-96.4866,0.184801255632154,0.482872080083905,56706217.71637717,167387358.1087935,27.663293,8595.254,IPP Non-CHP,55983.0,Q,None,Republican,Republican,53.366,11.618000000000002
7030.0,349.2,2337748.0,0.7704208717107233,30.5,"['LIG', 'LIG']",2,0,0.0,,0.0,Twin Oaks,2334789.3,LIG,0.998734396501208,48,395.0,31.091925,-96.69503,0.184801255632154,0.482872080083905,26574477.895527255,42758528.39503911,28.35071,2346.278,IPP Non-CHP,56598.0,Q,None,Republican,Republican,53.366,11.618000000000002
602.0,1370.2,2470805.0,0.20602133312827195,33.5,"['BIT', 'BIT']",2,0,1.0,2025.0,0.0,Brandon Shores,2437018.6,BIT,0.986325758919679,24,3.0,39.18,-76.5389,0.135555029318402,0.364423040453014,-10016132.63215588,57427002.21011864,53.846383,1476.96,IPP Non-CHP,60421.0,Q,None,Republican,Democrat,31.373,2.923000000000002
1554.0,359.0,113899.0,0.036,55.0,['RC'],1,"['RFO', 'RFO', 'DFO']",1.0,2025.0,7800000.0,Herbert A Wagner,103507.63,RC,0.842978412971248,24,3.0,39.1781,-76.5268,0.135555029318402,0.364423040453014,,,124.285133,665.052,IPP Non-CHP,60422.0,Q,None,Republican,Democrat,31.373,2.923000000000002
703.0,3498.6,9452106.0,0.31069695674170394,47.86977648202151,"['BIT', 'BIT', 'BIT', 'BIT']",4,0,0.0,,530800000.0,Bowen,9432180.5,BIT,0.997891949691595,13,15.0,34.1256,-84.9222,0.153592744518301,0.456306095133992,-77240630.21095352,-100650509.4436195,44.422304,6668.752,Electric Utility,7140.0,I,None,Republican,Republican,54.293,2.990000000000002
876.0,1319.0,3933111.0,0.3479297034840868,53.5,"['RC', 'RC']",2,0,1.0,2027.0,62066000.0,Kincaid Generating Station,3919134.85,RC,0.996446551558601,17,21.0,39.590556,-89.496389,0.237104081209513,0.113896706725928,-5037235.708834899,40138705.66317395,38.444926,1891.372,IPP Non-CHP,59918.0,Q,None,Democrat,Democrat,54.134,5.866
879.0,1785.6,2701322.0,0.19899910192120746,47.5,"['SUB', 'SUB']",2,0,1.0,2030.0,0.0,Powerton,2698566.4,SUB,0.99897991759976,17,179.0,40.5408,-89.6786,0.237104081209513,0.113896706725928,-3679351.5819956665,-1497877.1582775593,47.104282,1831.577,IPP Non-CHP,12384.0,Q,None,Democrat,Democrat,45.235,5.609999999999999
883.0,681.7,2085573.0,0.3493672808384075,60.915211970075234,"['SUB', 'SUB']",2,0,0.0,,0.0,Waukegan,2072575.3,SUB,0.99376780100116,17,97.0,42.3833,-87.8133,0.237104081209513,0.113896706725928,,,34.541629,1264.253,IPP Non-CHP,12384.0,Q,None,Democrat,Democrat,27.596,4.195
884.0,598.4,694080.0,0.132,58.0,['SUB'],1,0,0.0,,0.0,Will County,686731.45,SUB,0.989412527420128,17,197.0,41.6334,-88.0629,0.237104081209513,0.113896706725928,,,56.732467,481.817,IPP Non-CHP,12384.0,Q,None,Democrat,Democrat,31.255,4.791999999999998
887.0,1099.8,5066616.0,0.526309316119477,66.99999999999977,"['RC', 'RC', 'RC', 'RC', 'RC', 'RC']",6,0,0.0,,0.0,Joppa Steam,5001126.2,RC,0.987074259334963,17,127.0,37.2094,-88.858889,0.237104081209513,0.113896706725928,-1830149.4026658474,36683579.045769304,34.814217,13230.82,IPP Non-CHP,5748.0,Q,None,Democrat,Democrat,57.549,1.811
976.0,99.0,625673.0,0.7232091443933174,58.0,"['BIT', 'BIT', 'BIT']",3,"['NG', 'NG']",0.0,,2026000.0,Marion,625345.74,BIT,0.934209376871065,17,199.0,37.619747,-88.953114,0.237104081209513,0.113896706725928,,,33.0783,1657.833,Electric Utility,17632.0,C,None,Democrat,Democrat,44.153,8.118000000000002
55856.0,1766.0,12685744.0,0.8216670285952483,9.0,"['BIT', 'BIT']",2,0,0.0,,291105000.0,Prairie State Generating Station,12662396.0,BIT,0.998159524080176,17,163.0,38.279167,-89.666944,0.237104081209513,0.113896706725928,9320643.581941865,28499920.82656355,20.472259,10537.318,IPP Non-CHP,15330.0,M,None,Democrat,Democrat,33.89,5.371000000000002
6085.0,847.0,2371850.0,0.31992250142293993,36.5,"['BIT', 'BIT']",2,"['NG', 'NG']",1.0,2025.0,518087000.0,R M Schahfer Generating Station,3642019.1,SUB,0.989972042444568,18,73.0,41.2164,-87.0261,0.578453961982309,0.293217129899596,-55469193.78440969,8628885.486096576,46.822823,1018.249,Electric Utility,13756.0,I,Introduced,Republican,Republican,57.8,10.327999999999996
6166.0,2600.0,4802163.0,0.21307610008240035,34.5,"['SUB', 'SUB']",2,0,1.0,2028.0,589900000.0,Rockport,4766242.35,SUB,0.992519906516176,18,147.0,37.9256,-87.0372,0.578453961982309,0.293217129899596,-63315862.45122048,10528217.488815894,56.150535,2884.123,Electric Utility,9324.0,I,Introduced,Republican,Republican,55.286,1.5990000000000038
1073.0,64.6,49130.0,0.351261510278852,54.18575851393166,"['SUB', 'SUB']",2,['NG'],1.0,2025.0,6780000.0,Prairie Creek,57489.014,SUB,0.693599734571997,19,113.0,41.944039,-91.639167,0.328973043305685,0.096186892878803,,,81.423336,273.315,Electric Utility,9417.0,I,None,Republican,Republican,35.773,6.075000000000003
1091.0,584.1,1702451.0,0.333,46.0,['RC'],1,0,0.0,,261995000.0,George Neal North,1683941.623,RC,0.989127786567517,19,193.0,42.299794,-96.361707,0.328973043305685,0.096186892878803,-674077.5206655201,6212505.62574442,33.420098,3328.243,Electric Utility,12341.0,I,None,Republican,Republican,41.702,3.6879999999999953
6664.0,811.9,4353143.0,0.612,38.0,['RC'],1,0,0.0,,2502000.0,Louisa,4325351.46,RC,0.99361575805333,19,115.0,41.3181,-91.0931,0.328973043305685,0.096186892878803,10637724.960753307,31590474.86736293,28.144038,6722.409,Electric Utility,12341.0,I,None,Republican,Republican,52.892,15.351000000000006
10860.0,180.0,734505.0,0.4704014676550874,12.0,"['SUB', 'SUB']",2,0,0.0,,0.0,Archer Daniels Midland Clinton,671991.937,SUB,0.914890890246406,19,45.0,41.8206,-90.2097,0.328973043305685,0.096186892878803,,,,926.522,Industrial CHP,772.0,IND,None,Republican,Republican,41.93,8.009
1356.0,2225.8999999999996,10582328.0,0.5436948963403894,42.00139269508941,"['RC', 'RC', 'RC', 'RC']",4,0,0.0,,141704000.0,Ghent,10572509.4,RC,0.999072163994568,21,41.0,38.7497,-85.035,0.713294641043891,0.208454594061024,8169399.634525442,94376740.16212392,33.498064,11059.988,Electric Utility,10171.0,I,None,Democrat,Republican,56.08,1.1539999999999964
1364.0,1717.1999999999998,7403799.0,0.5094297227680006,43.80398322851124,"['RC', 'RC', 'RC', 'RC']",4,0,2.0,2024.0,549416000.0,Mill Creek,7376485.54,RC,0.996310879344115,21,111.0,38.0525,-85.9103,0.713294641043891,0.208454594061024,-8493248.655295685,64926181.00205832,38.308691,3205.473,Electric Utility,11249.0,I,None,Democrat,Republican,33.448,5.152000000000001
1379.0,1575.0,6003761.0,0.4396698204675369,67.11111111111109,"['SUB', 'SUB', 'SUB', 'SUB', 'SUB', 'SUB', 'SUB', 'SUB', 'SUB']",9,0,0.0,,30031000.0,Shawnee,5993157.1,SUB,0.99823378795833,21,145.0,37.1517,-88.775,0.713294641043891,0.208454594061024,2066893.2359615956,25700950.48323876,41.879401,14696.439,Electric Utility,18642.0,F,None,Democrat,Republican,48.027,6.311
6041.0,1608.5,8428929.0,0.6069369084731882,30.240348150450473,"['BIT', 'BIT', 'BIT', 'BIT']",4,0,0.0,,0.0,H L Spurlock,8339893.2,BIT,0.989436879105014,21,161.0,38.7,-83.8181,0.713294641043891,0.208454594061024,21756145.98261033,67135118.70775574,34.311576,3588.509,Electric Utility,5580.0,C,None,Democrat,Republican,55.667,0.240000000000002
1832.0,154.7,699049.0,0.516,48.0,['SUB'],1,0,1.0,2025.0,0.0,Erickson,698638.8,SUB,0.999413205653433,26,45.0,42.692222,-84.657222,0.321371802989652,0.264501673831973,-11828608.187117405,-2387627.448014553,42.964061,2486.451,Electric Utility,56155.0,M,Passed,Democrat,Republican,32.96,4.841000000000001
54212.0,6.5,31767.5,0.5609999999999999,57.30769230769238,"['SUB', 'SUB']",2,0,0.0,,0.0,American Crystal Sugar Crookston,31767.5,SUB,1.0,27,119.0,47.76468,-96.633375,0.266049997834806,0.2162123240102,,,,62.124,Industrial CHP,491.0,C,Introduced,Democrat,Divided,41.328,4.615000000000002
54214.0,7.5,41600.0,0.646,31.0,"['SUB', 'SUB']",2,0,0.0,,0.0,American Crystal Sugar East Grand Forks,41600.0,SUB,1.0,27,119.0,47.927202,-97.007153,0.266049997834806,0.2162123240102,,,,81.068,Industrial CHP,491.0,C,Introduced,Democrat,Divided,41.328,4.615000000000002
54533.0,7.5,16862.0,0.257,45.0,['SUB'],1,0,0.0,,0.0,Southern Minnesota Beet Sugar,13791.588,SUB,0.817909382042462,27,129.0,44.796405,-95.179787,0.266049997834806,0.2162123240102,,,,25.642,Industrial CHP,17604.0,IND,Introduced,Democrat,Divided,44.706,8.335
2168.0,1181.7,8568259.0,0.8309067829298811,44.31708555470914,"['RC', 'RC', 'RC']",3,0,0.0,,6800000.0,Thomas Hill Energy Center,8564890.4,RC,0.999606849420202,29,175.0,39.5522,-92.6381,0.751978263380225,0.0787478294207267,10602684.417462232,48107812.325873174,25.654851,16193.217,Electric Utility,924.0,C,Passed,Republican,Republican,58.179,9.498000000000005
6065.0,1725.0,7851566.0,0.5212816727261798,23.626086956521704,"['SUB', 'SUB']",2,0,0.0,,0.0,Iatan,7798472.6,SUB,0.993237853729684,29,165.0,39.4472,-94.98,0.751978263380225,0.0787478294207267,54373446.08487294,107848307.55828881,23.498467,653.175,Electric Utility,10000.0,I,Passed,Republican,Republican,38.307,5.023000000000003
6195.0,494.0,2429121.0,0.581073580937302,23.744939271255134,"['SUB', 'SUB']",2,"['NG', 'NG']",2.0,2027.0,3571000.0,John Twitty Energy Center,2371363.8,SUB,0.956921633813733,29,77.0,37.151706,-93.38804,0.751978263380225,0.0787478294207267,234995.14844309803,145263.42703138464,32.700535,2497.961,Electric Utility,17833.0,M,Passed,Republican,Republican,35.64,5.462
6768.0,261.0,1713027.0,0.749,40.0,['SUB'],1,0,0.0,,1968000.0,Sikeston,1711635.9,SUB,0.999187922903796,29,201.0,36.8791,-89.6209,0.751978263380225,0.0787478294207267,4048734.3224074785,8860146.930335475,29.471395,4799.248,Electric Utility,17177.0,M,Passed,Republican,Republican,49.832,11.743000000000002
2367.0,100.0,0.0,0.0,66.5,"['BIT', 'BIT']",2,['JF'],0.0,,800000.0,Schiller,0.0,JF,0.0,33,15.0,43.0978,-70.7842,0.0165276365606274,0.259757832238689,-122228.31303298692,5598352.184378763,,0.002,IPP Non-CHP,62032.0,Q,None,Republican,Republican,33.781,5.079999999999998
2554.0,531.2,0.0,0.0,63.216867469879844,"['SUB', 'SUB', 'SUB']",3,0,0.0,,15400000.0,Dunkirk Generating Plant,0.0,SUB,1.0,36,13.0,42.491467,-79.346631,0.0,0.447944485250188,,,,,IPP Non-CHP,13579.0,Q,None,Democrat,Democrat,38.587,6.633000000000003
2721.0,1530.5,4751185.0,0.4480518043393385,25.229990199281247,"['BIT', 'BIT']",2,0,2.0,2025.0,218094000.0,Cliffside,2074958.5,BIT,0.436724414046468,37,45.0,35.22,-81.7594,0.157285066830212,0.365449664813441,-25684469.276812263,1911287.9293258463,36.593547,551.776,Electric Utility,5416.0,I,Passed,Democrat,Republican,40.459,6.757000000000005
54213.0,6.0,34291.0,0.652,56.0,['SUB'],1,0,0.0,,0.0,American Crystal Sugar Drayton,34291.0,SUB,1.0,38,67.0,48.593158,-97.17608,0.567079910255583,0.0366637556112879,,,,61.406,Industrial CHP,491.0,C,None,Republican,Republican,47.997,7.340000000000003
3130.0,585.0,2858731.0,0.558,17.0,['WC'],1,0,0.0,,0.0,Seward,2850651.5,WC,0.997173737601695,42,63.0,40.40625,-79.03366,0.121210149334547,0.524930088751098,,,25.312675,7569.312,IPP Non-CHP,61781.0,Q,None,Democrat,Republican,44.962,-3.4279999999999973
3149.0,1757.9,1260335.0,0.08207550532199773,48.49200750895966,"['BIT', 'BIT']",2,0,1.0,2025.0,12500000.0,"Montour, LLC",1248538.0,BIT,0.990639789428493,42,93.0,41.0714,-76.6672,0.121210149334547,0.524930088751098,-1336564.8852139756,24409302.121782266,61.298038,2048.95,IPP Non-CHP,15534.0,Q,None,Democrat,Republican,48.69,0.7639999999999958
10113.0,88.4,583476.0,0.753,33.0,['WC'],1,0,0.0,,0.0,Gilberton Power Company,581413.54,WC,0.996465213668779,42,107.0,40.7903,-76.1983,0.121210149334547,0.524930088751098,,,,553.298,IPP CHP,7199.0,Q,None,Democrat,Republican,44.657,7.132999999999996
50776.0,94.0,127227.0,0.155,29.0,['WC'],1,0,0.0,,0.0,Panther Creek Energy Facility,125367.23,WC,0.985382253996679,42,25.0,40.8556,-75.8781,0.121210149334547,0.524930088751098,,,58.558347,101.97,IPP Non-CHP,14432.0,Q,None,Democrat,Republican,53.059,18.013999999999996
3403.0,1255.2,3973622.0,0.3653971175416283,63.195028680688665,"['BIT', 'BIT', 'BIT', 'BIT']",4,"['NG', 'NG', 'NG', 'NG', 'NG', 'NG', 'NG', 'NG']",0.0,,1992000.0,Gallatin,3965000.28,BIT,0.982701306640905,47,165.0,36.3156,-86.4006,0.230969402715074,0.176909934752331,-9746303.577142939,35290605.92321985,38.758058,1792.245,Electric Utility,18642.0,F,None,Republican,Republican,42.898,2.5930000000000035
3407.0,1700.0,2775508.0,0.1903500141235406,66.41176470588243,"['SUB', 'SUB', 'SUB', 'SUB', 'SUB', 'SUB', 'SUB', 'SUB', 'SUB']",9,0,0.0,,0.0,Kingston,2770594.4,SUB,0.998229646987629,47,145.0,35.8992,-84.5194,0.230969402715074,0.176909934752331,-25762583.681001205,-310882.0023291732,58.947364,2012.848,Electric Utility,18642.0,F,None,Republican,Republican,50.245,7.604999999999997
3845.0,729.9,3114315.0,0.487,48.0,['RC'],1,0,1.0,2025.0,0.0,Centralia,3107489.184,RC,0.997808257646491,53,41.0,46.755938,-122.859764,0.0282696325389038,0.149711777046023,28551374.844518445,16753776.21392006,36.527701,794.285,IPP Non-CHP,19099.0,Q,None,Democrat,Democrat,45.964,6.774999999999999
3948.0,1632.6,4769104.0,0.3549173505128007,50.00000000000023,"['BIT', 'BIT']",2,0,0.0,,0.0,Mitchell (WV),4727065.4,BIT,0.991185227810398,54,51.0,39.8297,-80.8153,0.90608161803614,0.0398721574129053,-24672393.54691542,45007640.235315956,37.231993,1995.423,Electric Utility,22053.0,I,None,Republican,Republican,59.323,14.069000000000003
10743.0,68.9,0.0,0.0,29.999999999999773,['WC'],1,0,0.0,,599000.0,Morgantown Energy Facility,0.0,NG,1.0,54,61.0,39.6397,-79.960556,0.90608161803614,0.0398721574129053,,,,,IPP CHP,12949.0,Q,None,Republican,Republican,36.763,5.821999999999999
56671.0,807.5,5551798.0,0.7850000000000001,10.0,['BIT'],1,0,0.0,,0.0,Longview Power,5536801.0,BIT,0.997298717807648,54,61.0,39.707893,-79.958974,0.90608161803614,0.0398721574129053,2355572.8631554395,27026997.43244001,28.931253,2196.223,IPP Non-CHP,55924.0,Q,None,Republican,Republican,36.763,5.821999999999999
4078.0,945.5,4753734.0,0.6023914001077889,23.008989952406182,"['RC', 'RC']",2,"['NG', 'NG', 'NG']",0.0,,343000.0,Weston,4728401.8,RC,0.991935495743975,55,73.0,44.8606,-89.6553,0.427155986913532,0.331681515035916,3385797.4808376315,26091160.105659857,30.488177,713.714,Electric Utility,20860.0,I,Passed,Democrat,Republican,39.633,7.078000000000003
4271.0,387.0,1721629.0,0.508,42.0,['SUB'],1,0,0.0,,103722000.0,J P Madgett,1717915.8,SUB,0.997843179973676,55,11.0,44.303583,-91.912647,0.427155986913532,0.331681515035916,-33538960.513063334,-9781009.262778908,44.624025,849.047,Electric Utility,4716.0,C,Passed,Democrat,Republican,42.249,4.707000000000001
8066.0,2441.8999999999996,10342840.0,0.4861600462735574,45.00356279945913,"['SUB', 'SUB', 'SUB', 'SUB']",4,0,0.0,,344323000.0,Jim Bridger,10334200.0,SUB,0.999164596703621,56,37.0,41.7378,-108.7875,0.737173959299694,0.0345300275742697,82143792.84580944,31263877.164851308,40.575029,8226.153,Electric Utility,14354.0,I,None,Republican,Republican,55.607,-1.975999999999999
56596.0,116.0,831903.0,0.819,11.0,['SUB'],1,0,0.0,,2131000.0,Wygen III,830520.34,SUB,0.998337949266093,56,5.0,44.2919,-105.3806,0.737173959299694,0.0345300275742697,13224749.88179411,11590084.743023613,,162.622,Electric Utility,19545.0,I,None,Republican,Republican,60.063,5.169000000000004
6641.0,1800.0,4114039.0,0.2743497779189745,37.5,"['SUB', 'SUB']",2,0,1.0,2030.0,23612000.0,Independence,4100270.9,SUB,0.996653393634882,5,63.0,35.678442,-91.408761,0.350551493143048,0.337626181989066,-2655625.038481275,33085306.23331074,38.663463,11041.823,Electric Utility,814.0,I,None,Republican,Republican,57.293,3.192999999999998
6190.0,558.0,2245618.0,0.459,39.0,['SUB'],1,"['NG', 'PC']",2.0,2028.0,42067000.0,Brame Energy Center,3086769.79,SUB,0.51108337227951,22,79.0,31.395,-92.716667,0.0810242880356293,0.646874472712293,-45141330.28165607,1650968.5391488485,39.516232,5570.494,Electric Utility,3265.0,I,Passed,Democrat,Republican,45.027,6.384999999999998
26.0,952.0,3424914.0,0.411,47.0,['BIT'],1,"['NG', 'NG', 'NG', 'DFO', 'NG']",1.0,2028.0,347483000.0,E C Gaston,2970437.8,BIT,0.685067544161894,1,117.0,33.244211,-86.458056,0.188471647732135,0.381459369107625,,,57.174305,1017.396,Electric Utility,195.0,I,None,Republican,Republican,45.749,6.417000000000002
2240.0,130.0,482717.0,0.4373912540888346,49.61153846153843,"['SUB', 'SUB', 'SUB']",3,"['NG', 'SUN', 'SUN']",0.0,,49500000.0,Lon D Wright Power Plant,466852.46,SUB,0.951329241726916,31,53.0,41.4281,-96.4623,0.49942375033099,0.0309505875479779,-2609247.0040624933,-580683.8517947996,34.314775,838.155,Electric Utility,6779.0,M,None,Republican,Republican,42.508,7.996000000000002
2291.0,353.6,1617771.0,0.5237994388575392,54.923076923076906,"['SUB', 'SUB']",2,"['NG', 'NG', 'NG']",1.0,2026.0,20000000.0,North Omaha Station,1600293.4,SUB,0.978478299088487,31,55.0,41.32909,-95.94466,0.49942375033099,0.0309505875479779,-832746.682643533,4877448.2587373955,25.656088,5825.992,Electric Utility,14127.0,P,None,Republican,Republican,32.408,5.121000000000002
6077.0,1362.6,7073238.0,0.5958205961682613,40.5,"['SUB', 'SUB']",2,0,0.0,,5000000.0,Gerald Gentleman Station,7040624.8,SUB,0.995389214659115,31,111.0,41.0808,-101.1408,0.49942375033099,0.0309505875479779,11749180.999735354,26371267.070767082,19.260975,19403.318,Electric Utility,13337.0,P,None,Republican,Republican,59.65,3.820999999999998
57937.0,5.0,28644.0,0.654,34.0,['SUB'],1,0,0.0,,0.0,Western Sugar Coop - Scottsbluff,28644.0,SUB,1.0,31,157.0,41.85887,-103.63438,0.49942375033099,0.0309505875479779,,,,50.142,Industrial CHP,57315.0,C,None,Republican,Republican,44.084,8.205000000000005
79.0,27.5,177115.0,0.7777716173107869,52.27272727272725,"['SUB', 'SUB', 'SUB']",3,0,0.0,,0.0,Aurora Energy LLC Chena,177115.0,SUB,1.0,2,90.0,64.847743,-147.735063,0.114075624112421,0.467487144463062,,,,167.348,IPP CHP,986.0,I,None,Republican,Republican,36.598,4.170999999999999
6288.0,90.0,373973.0,0.5202987836020248,32.64444444444439,"['LIG', 'LIG']",2,0,0.0,,98435000.0,Healy Power Plant,366441.793,LIG,0.979861639528647,2,68.0,63.8542,-148.95,0.114075624112421,0.467487144463062,,,,5.75,Electric Utility,7353.0,C,None,Republican,Republican,39.031,2.0180000000000007
1241.0,1598.9,6390767.0,0.47460156801210246,46.1840015010323,"['SUB', 'SUB']",2,0,0.0,,396050000.0,La Cygne,6358423.52,SUB,0.994939024716763,20,107.0,38.3481,-94.6456,0.342851683252965,0.0470578987739339,24207441.938472584,28845149.80388242,32.692362,743.758,Electric Utility,10000.0,I,Introduced,Democrat,Republican,58.776,-0.3059999999999974
6068.0,2160.0,8340406.0,0.44502514062265075,40.66666666666674,"['SUB', 'SUB', 'SUB']",3,0,0.0,,361709000.0,Jeffrey Energy Center,8322060.7,SUB,0.997800427588224,20,149.0,39.286453,-96.117231,0.342851683252965,0.0470578987739339,-3913738.5693636686,25745734.57462975,29.494678,664.444,Electric Utility,22500.0,I,Introduced,Democrat,Republican,55.323,0.1910000000000025
113.0,425.9,1926547.0,0.537146862235907,45.80112702512338,"['SUB', 'SUB']",2,0,1.0,2025.0,9606000.0,Cholla,1924450.6,SUB,0.998911829824017,4,17.0,34.9394,-110.3033,0.131792167085202,0.441896059332372,7915536.893997522,7341957.717119829,36.13768,1068.858,Electric Utility,803.0,I,None,Republican,Republican,38.52,4.5290000000000035
160.0,204.0,1222875.0,0.684,42.0,['SUB'],1,"['NG', 'NG', 'NG', 'NG', 'NG', 'NG']",0.0,,7901000.0,Apache Station,885408.04,SUB,0.443701451990045,4,3.0,32.0603,-109.8931,0.131792167085202,0.441896059332372,,,41.631756,202.799,Electric Utility,796.0,C,None,Republican,Republican,40.886,6.460000000000001
3297.0,771.8,1508649.0,0.446,50.5,"['BIT', 'BIT']",2,0,0.0,,895000.0,Wateree,1501006.8,BIT,0.994934402926409,45,79.0,33.8264,-80.6228,0.154803685749238,0.234607360018203,-16728311.737160342,-25143601.09429306,50.208714,159.018,Electric Utility,17539.0,I,Introduced,Republican,Republican,26.935,4.3729999999999976
136.0,1429.2,6550658.0,0.5235042531605222,36.99999999999977,"['BIT', 'BIT']",2,0,2.0,2023.0,7242000.0,Seminole (136),6530070.8,BIT,0.996857227485849,12,107.0,29.733056,-81.632778,0.074678734025661,0.740780814427665,-36108238.33773027,-22778232.75794075,34.829185,5051.819,Electric Utility,21554.0,C,None,Republican,Republican,46.524,7.457000000000001
7242.0,192.9,236487.0,0.14,25.0,['SGC'],1,"['SGP', 'NG', 'NG', 'NG', 'NG', 'NG']",0.0,,0.0,Polk,0.0,NG,0.0,12,105.0,27.7286,-81.9897,0.074678734025661,0.740780814427665,,,,28.119,Electric Utility,18454.0,I,None,Republican,Republican,33.568,4.409999999999997
2952.0,572.0,2778343.0,0.554,37.0,['SUB'],1,"['NG', 'NG']",0.0,,5130000.0,Muskogee,2736361.6,SUB,0.816602525085991,40,101.0,35.76135,-95.28732,0.13926152137152,0.419260864220978,,,31.14047,6500.415,Electric Utility,14063.0,I,None,Republican,Republican,47.984,7.265000000000001
10671.0,350.0,1030739.0,0.3639764819221937,31.0,"['SUB', 'SUB']",2,0,0.0,,0.0,River Valley,1007914.65,SUB,0.977856326340337,40,79.0,35.1931,-94.6458,0.13926152137152,0.419260864220978,,,41.99384,636.031,Electric Utility,14063.0,I,None,Republican,Republican,50.085,9.014000000000003
6183.0,410.0,1903062.0,0.53,39.0,['LIG'],1,0,0.0,,13772000.0,San Miguel,1899906.2,LIG,0.998341714580589,48,13.0,28.7044,-98.4775,0.184801255632154,0.482872080083905,-45737163.00558584,-11038358.5545945,53.67315,7578.593,Electric Utility,16624.0,C,None,Republican,Republican,43.79,7.2819999999999965
6193.0,1080.0,4880877.0,0.5192472752335288,43.0,"['SUB', 'SUB', 'SUB']",3,0,1.0,2025.0,0.0,Harrington Station,4848193.7,SUB,0.993303807480998,48,375.0,35.29816,-101.747187,0.184801255632154,0.482872080083905,3154914.561409915,2989325.7178304973,27.98075,12703.177,Electric Utility,17718.0,I,None,Republican,Republican,45.392,6.607000000000006
7097.0,1488.5,7329045.0,0.5692017160489532,17.84447430298951,"['SUB', 'SUB']",2,0,1.0,2027.0,6908000.0,J K Spruce,7235965.6,SUB,0.987299922501227,48,29.0,29.309722,-98.3203,0.184801255632154,0.482872080083905,7144021.012658292,66154801.19528837,27.605789,956.34,Electric Utility,16604.0,M,None,Republican,Republican,29.927,6.111999999999998
7902.0,721.0,2689736.0,0.42600000000000005,36.0,['LIG'],1,0,1.0,2023.0,36975000.0,H W Pirkey Power Plant,2677060.3,LIG,0.995287363602304,48,203.0,32.4607,-94.4852,0.184801255632154,0.482872080083905,-70737977.26927963,-31899268.575739525,72.064371,3131.276,Electric Utility,17698.0,I,None,Republican,Republican,50.68,6.332000000000001
470.0,1635.3,8175602.0,0.5714825698462328,28.12988442487608,"['SUB', 'SUB', 'SUB']",3,0,1.0,2022.0,0.0,Comanche (470),7936812.6,SUB,0.970792437094183,8,101.0,38.2081,-104.5747,0.415290737280412,0.256187112275357,33125790.247736692,88467950.06547295,24.68596,3607.451,Electric Utility,15466.0,I,Passed,Democrat,Democrat,36.753,7.678000000000001
6021.0,1427.6,7283840.0,0.58911873132853,39.8142336789017,"['SUB', 'SUB', 'SUB']",3,0,1.0,2025.0,207320000.0,Craig,7260615.47,SUB,0.996811505175801,8,81.0,40.4627,-107.5912,0.415290737280412,0.256187112275357,64596746.53631863,50243762.67431779,28.45341,2357.492,Electric Utility,30151.0,C,Passed,Democrat,Democrat,55.827,-0.8880000000000052
856.0,644.3,2713868.0,0.48703183942623585,50.74142480211049,"['SUB', 'SUB']",2,0,1.0,2022.0,0.0,E D Edwards,2709509.5,SUB,0.998393982695737,17,143.0,40.5958,-89.6631,0.237104081209513,0.113896706725928,-19527878.447491456,14612122.572375743,30.847319,5982.476,IPP Non-CHP,49756.0,Q,None,Democrat,Democrat,37.391,9.688999999999997
963.0,437.4,1225024.0,0.39797176545112584,26.692043895747474,"['BIT', 'BIT']",2,0,0.0,,0.0,Dallman,1215607.5,BIT,0.992313245844291,17,167.0,39.754803,-89.602389,0.237104081209513,0.113896706725928,-1933435.418219583,6671564.1630436005,44.479312,717.893,Electric Utility,17828.0,M,None,Democrat,Democrat,36.418,6.73
6017.0,617.4,3254366.0,0.602,43.99999999999977,['RC'],1,0,1.0,2027.0,4557000.0,Newton,3251885.9,RC,0.99923791914996,17,79.0,38.9361,-88.2781,0.237104081209513,0.113896706725928,-642778.4945862045,25106264.129965127,32.504281,6452.978,IPP Non-CHP,520.0,Q,None,Democrat,Democrat,58.945,3.767000000000003
983.0,1303.8,5034223.0,0.453084529231224,65.83333333333348,"['BIT', 'BIT', 'BIT', 'BIT', 'BIT', 'BIT']",6,0,0.0,,648272000.0,Clifty Creek,5025209.693,BIT,0.998209590243987,18,77.0,38.7378,-85.4206,0.578453961982309,0.293217129899596,0.0,0.0,48.079125,2906.509,Electric Utility,9269.0,I,Introduced,Republican,Republican,51.312,5.125
1001.0,1062.0,4562813.0,0.49172205939625396,50.0,"['BIT', 'BIT']",2,"['DFO', 'DFO', 'DFO', 'DFO', 'NG']",1.0,2026.0,285671000.0,Cayuga,4557098.0,BIT,0.993965874617989,18,165.0,39.9242,-87.4244,0.578453961982309,0.293217129899596,-8109836.611150161,16887493.691021394,40.718657,2232.096,Electric Utility,15470.0,I,Introduced,Republican,Republican,57.41,3.625
1024.0,11.5,0.0,0.0,66.0,['BIT'],1,0,1.0,2030.0,0.0,Crawfordsville Power Plant,0.0,BIT,1.0,18,107.0,40.048889,-86.8992,0.578453961982309,0.293217129899596,,,,0.0,IPP Non-CHP,59774.0,Q,Introduced,Republican,Republican,46.434,7.854999999999997
6137.0,530.4,2705518.0,0.5828179402243858,38.5,"['BIT', 'BIT']",2,"['NG', 'NG']",1.0,2024.0,39993000.0,A B Brown Generating Station,2681766.3,BIT,0.974627082896478,18,129.0,37.9053,-87.715,0.578453961982309,0.293217129899596,-19323487.742127184,-5595992.457442228,42.542891,3903.587,Electric Utility,17633.0,I,Introduced,Republican,Republican,52.225,8.421
1047.0,274.5,608124.0,0.253,44.0,['SUB'],1,0,1.0,2022.0,54666000.0,Lansing,606462.75,SUB,0.997268231497075,19,5.0,43.3359,-91.1675,0.328973043305685,0.096186892878803,-4274279.95903583,5554260.779586299,40.580388,192.503,Electric Utility,9417.0,I,None,Republican,Republican,43.601,6.432000000000002
10861.0,7.9,21312.0,0.308,33.0,['SUB'],1,0,0.0,,0.0,Archer Daniels Midland Des Moines,21312.0,SUB,1.0,19,153.0,41.624438,-93.584515,0.328973043305685,0.096186892878803,,,,34.514,Industrial CHP,772.0,IND,None,Republican,Republican,35.469,5.556000000000001
1355.0,464.0,932832.0,0.229,50.0,['BIT'],1,"['NG', 'NG', 'NG', 'NG', 'NG', 'NG', 'NG', 'SUN']",1.0,2028.0,112453000.0,E W Brown,930580.58,BIT,0.835670171736812,21,167.0,37.78831,-84.71257,0.713294641043891,0.208454594061024,-14005270.749286558,-642469.3930139832,42.896835,331.468,Electric Utility,10171.0,I,None,Democrat,Republican,49.677,6.694000000000003
6823.0,509.4,3053599.0,0.684,37.0,['BIT'],1,0,0.0,,7000000.0,D B Wilson,3041785.0,BIT,0.996131106667763,21,183.0,37.4497,-87.0806,0.713294641043891,0.208454594061024,1906767.7250292841,13367736.207507588,30.684812,7157.087,Electric Utility,1692.0,C,None,Democrat,Republican,58.732,0.8269999999999982
1710.0,1560.8,8271415.0,0.6406016162893532,47.213480266529814,"['SUB', 'SUB', 'SUB']",3,0,1.0,2025.0,324272000.0,J H Campbell,8249921.16,SUB,0.997401430953204,26,139.0,42.910296,-86.20074,0.321371802989652,0.264501673831973,20163862.524064578,60182023.87025099,32.033357,6368.904,Electric Utility,4254.0,I,Passed,Democrat,Republican,43.647,7.658999999999999
1893.0,922.5,5046585.0,0.6254212575434676,43.76585365853657,"['RC', 'RC']",2,0,2.0,2029.0,406086000.0,Boswell Energy Center,5006189.36,RC,0.991995441150048,27,61.0,47.2611,-93.6528,0.266049997834806,0.2162123240102,-12987807.508035988,39711670.592912436,31.9447,551.392,Electric Utility,12647.0,I,Introduced,Democrat,Divided,43.426,4.734999999999999
10863.0,6.1,21156.0,0.396,34.0,['SUB'],1,0,0.0,,0.0,Archer Daniels Midland Mankato,21156.0,SUB,1.0,27,13.0,44.187066,-93.99242,0.266049997834806,0.2162123240102,,,,45.5,Industrial CHP,772.0,IND,Introduced,Democrat,Divided,33.709,5.355000000000004
2079.0,569.0,2625900.0,0.527,52.0,['SUB'],1,"['NG', 'NG', 'NG', 'NG']",0.0,,3000000.0,Hawthorn,2599859.9,SUB,0.911401356039392,29,95.0,39.1306,-94.4778,0.751978263380225,0.0787478294207267,13299360.75262075,25197249.638820153,30.687235,1221.765,Electric Utility,10000.0,I,Passed,Republican,Republican,32.192,7.134
2167.0,1300.0,5649269.0,0.5548329737882901,46.5,"['RC', 'RC']",2,0,0.0,,3200000.0,New Madrid Power Plant,5645176.1,RC,0.9992755060826,29,143.0,36.5147,-89.5617,0.751978263380225,0.0787478294207267,27633642.90463827,47155896.99930308,29.887614,10485.591,Electric Utility,924.0,C,Passed,Republican,Republican,55.7,3.2720000000000056
6155.0,1242.0,8203992.0,0.7547112120538391,44.5,"['RC', 'RC']",2,0,1.0,2024.0,8000000.0,Rush Island,8197883.39,RC,0.999255405420714,29,99.0,38.131248,-90.263157,0.751978263380225,0.0787478294207267,42291050.46415719,53869400.77645399,24.074928,19528.649,Electric Utility,19436.0,I,Passed,Republican,Republican,46.827,8.769999999999996
2364.0,459.20000000000005,284416.0,0.07806508072682268,54.9790940766552,"['BIT', 'BIT']",2,"['JF', 'JF']",0.0,,0.0,Merrimack,284163.45,BIT,0.995133824560996,33,13.0,43.1411,-71.4692,0.0165276365606274,0.259757832238689,2425542.4691557027,22226914.15130257,100.884168,198.084,IPP Non-CHP,62032.0,Q,None,Republican,Republican,31.681,4.413
2451.0,924.0,4754266.0,0.5870333691888505,41.396103896103796,"['RC', 'RC']",2,0,0.0,,37746000.0,San Juan,4731201.2,RC,0.995148610946651,35,45.0,36.8006,-108.4386,0.357427874557872,0.284515337301781,,,31.015643,936.119,Electric Utility,15473.0,I,Passed,Democrat,Democrat,50.084,-2.3969999999999985
2718.0,435.2,91574.0,0.04438165854936991,61.50000000000023,"['BIT', 'BIT']",2,0,1.0,2023.0,9020000.0,G G Allen,163751.06,BIT,1.0,37,71.0,35.1897,-81.0122,0.157285066830212,0.365449664813441,-4184931.017220946,-94281.46740573148,165.45216,20.892,Electric Utility,5416.0,I,Passed,Democrat,Republican,41.033,7.082000000000001
2727.0,2119.0,6897413.0,0.4151182902923169,52.81571495988669,"['BIT', 'BIT', 'BIT', 'BIT']",4,0,2.0,2028.0,10928000.0,Marshall,5334228.2,BIT,0.773366506114641,37,35.0,35.5975,-80.9658,0.157285066830212,0.365449664813441,-48930938.580408774,-11481828.278324796,40.334634,2812.138,Electric Utility,5416.0,I,Passed,Democrat,Republican,44.985,11.14
8042.0,2491.2,9010016.0,0.41407138500087015,46.49999999999977,"['BIT', 'BIT']",2,0,0.0,,0.0,Belews Creek,5856948.1,BIT,0.650048579270003,37,169.0,36.2811,-80.0603,0.157285066830212,0.365449664813441,-46032693.2036352,-175517.21058504615,39.605368,2386.79,Electric Utility,5416.0,I,Passed,Democrat,Republican,57.076,15.219000000000001
2817.0,656.0,2592127.0,0.46274973988543006,48.963414634146375,"['RC', 'RC']",2,0,0.0,,443533000.0,Leland Olds,2584786.7,RC,0.997168245578458,38,57.0,47.280769,-101.321213,0.567079910255583,0.0366637556112879,-20915339.387372695,-38745.43241633794,34.033743,1474.791,Electric Utility,1307.0,C,None,Republican,Republican,62.765,2.8160000000000025
6469.0,954.0,5249512.0,0.6361801064556096,36.0,"['RC', 'RC']",2,0,0.0,,5750000.0,Antelope Valley,5215540.34,RC,0.993528607790926,38,57.0,47.370542,-101.83566,0.567079910255583,0.0366637556112879,-15943581.648004953,12115179.364420265,22.31439,11011.099,Electric Utility,1307.0,C,None,Republican,Republican,62.765,2.8160000000000025
8222.0,450.0,2464159.0,0.625,40.0,['LIG'],1,0,0.0,,1589000.0,Coyote,2457422.7,LIG,0.99726628720314,38,57.0,47.221447,-101.815722,0.567079910255583,0.0366637556112879,-31196477.420804143,-5275420.758427605,36.153847,12684.481,Electric Utility,14232.0,I,None,Republican,Republican,62.765,2.8160000000000025
54210.0,13.3,75893.0,0.651,31.0,['SUB'],1,0,0.0,,0.0,American Crystal Sugar Hillsboro,75893.0,SUB,1.0,38,97.0,47.437562,-97.06311,0.567079910255583,0.0366637556112879,,,,131.903,Industrial CHP,491.0,C,None,Republican,Republican,43.595,7.189
2832.0,1114.8000000000002,6776338.0,0.6958956008392733,44.499192680301576,"['BIT', 'BIT']",2,"['DFO', 'DFO', 'DFO', 'DFO']",1.0,2027.0,0.0,Miami Fort Power Station,6764104.0,BIT,0.998171473159131,39,61.0,39.1128,-84.8036,0.363510582472614,0.446241978357804,-35505113.42824391,42293185.91189271,25.7237,17737.815,IPP Non-CHP,59919.0,Q,None,Republican,Republican,33.611,4.315999999999995
2836.0,680.0,828872.0,0.139,51.0,['BIT'],1,0,0.0,,17600000.0,Avon Lake Power Plant,827867.47,BIT,0.998994165574839,39,93.0,41.504453,-82.054619,0.363510582472614,0.446241978357804,,,47.407977,2829.066,IPP Non-CHP,14165.0,Q,None,Republican,Republican,35.859,3.0279999999999987
2866.0,1694.0,4655828.0,0.3352567390805674,51.59149940968132,"['BIT', 'BIT', 'BIT']",3,"['DFO', 'DFO', 'DFO', 'DFO', 'DFO']",1.0,2023.0,0.0,W H Sammis,4634828.6,BIT,0.995441555714367,39,81.0,40.5317,-80.6319,0.363510582472614,0.446241978357804,-22579377.38437827,37301949.88585588,37.43028,1843.025,IPP Non-CHP,64226.0,Q,None,Republican,Republican,56.541,9.160999999999994
2936.0,53.5,884.0,0.00367420814479638,49.64485981308417,"['BIT', 'BIT', 'BIT', 'BIT']",4,['DFO'],0.0,,0.0,Painesville,520.589,BIT,0.545119371727749,39,85.0,41.7265,-81.254,0.363510582472614,0.446241978357804,,,1415.510638,16.673,Electric Utility,14381.0,M,None,Republican,Republican,38.702,4.415999999999997
6019.0,1425.6,4575243.0,0.366,30.000000000000227,['RC'],1,0,0.0,,0.0,W H Zimmer Generating Station,4540324.2,RC,0.99236786452051,39,25.0,38.8675,-84.2289,0.363510582472614,0.446241978357804,,,35.176863,8720.702,IPP Non-CHP,59920.0,Q,None,Republican,Republican,43.732,4.061
3118.0,1951.0,7262971.0,0.42534606499186073,50.5,"['RC', 'RC']",2,"['DFO', 'DFO', 'DFO', 'DFO']",0.0,,390495000.0,Conemaugh,7238785.3,RC,0.996643518845144,42,63.0,40.3842,-79.0611,0.121210149334547,0.524930088751098,-25921972.292215485,98859944.42229897,38.290508,2887.829,IPP Non-CHP,63047.0,Q,None,Democrat,Republican,44.962,-3.4279999999999973
10343.0,47.3,2072.0,0.005,30.999999999999773,['WC'],1,0,0.0,,0.0,Mt. Carmel Cogeneration,1468.197,WC,0.708589285714286,42,97.0,40.811189,-76.452951,0.121210149334547,0.524930088751098,-1228282.1696855924,-1371614.313607104,,4.069,IPP CHP,49889.0,Q,None,Democrat,Republican,43.372,6.643999999999998
50888.0,134.1,62055.0,0.053,26.0,['WC'],1,0,0.0,,0.0,Northampton Generating Plant,53541.018,WC,0.862799419869471,42,95.0,40.6917,-75.4792,0.121210149334547,0.524930088751098,1511.3787953512692,6058647.631595155,,40.492,IPP Non-CHP,23013.0,Q,None,Democrat,Republican,36.724,6.973999999999997
50974.0,94.7,305379.0,0.368,28.0,['WC'],1,0,0.0,,0.0,Scrubgrass Generating Plant,301322.5,WC,0.986716512836289,42,121.0,41.2691,-79.8134,0.121210149334547,0.524930088751098,,,36.269732,1039.363,IPP Non-CHP,16814.0,Q,None,Democrat,Republican,43.133,7.225000000000001
54634.0,99.2,659692.0,0.759,31.0,['WC'],1,0,0.0,,0.0,St. Nicholas Cogeneration Project,657913.2,WC,0.997303591672028,42,107.0,40.8222,-76.1736,0.121210149334547,0.524930088751098,-38729846.79701294,-40130707.76667877,,959.261,IPP CHP,16793.0,Q,None,Democrat,Republican,44.657,7.132999999999996
3399.0,2600.0,10362082.0,0.4705435087273002,48.0,"['BIT', 'BIT']",2,0,1.0,2026.0,0.0,Cumberland,10286757.0,BIT,0.99273070194368,47,161.0,36.3903,-87.6539,0.230969402715074,0.176909934752331,1620720.8676702748,46344241.08347098,30.636691,9065.852,Electric Utility,18642.0,F,None,Republican,Republican,60.009,0.9879999999999995
50481.0,131.3,726109.0,0.6947059339575739,52.097486671744264,"['BIT', 'BIT', 'BIT', 'BIT', 'BIT', 'BIT', 'BIT', 'BIT', 'BIT', 'BIT', 'BIT', 'BIT', 'BIT', 'BIT']",14,"['NG', 'NG', 'NG', 'NG', 'NG']",0.0,,0.0,Eastman Chemical Company,425013.09,BIT,0.373154665545659,47,163.0,36.5219,-82.5431,0.230969402715074,0.176909934752331,,,,627.592,Industrial CHP,5610.0,IND,None,Republican,Republican,49.422,7.857999999999997
3797.0,1052.9,1089342.0,0.12859709072082046,53.70481527210586,"['BIT', 'BIT']",2,"['NG', 'NG']",1.0,2023.0,0.0,Chesterfield Power Station,1064729.3,NG,0.350487779532058,51,41.0,37.3822,-77.3833,0.032388652311711,0.574492873921185,-11462458.18235036,9688920.053518346,55.296808,516.648,Electric Utility,19876.0,I,None,Democrat,Democrat,34.995,4.227999999999998
56808.0,668.0,953703.0,0.163,9.0,['BIT'],1,0,0.0,,202712000.0,Virginia City Hybrid Energy Center,836886.41,BIT,0.877512607688085,51,195.0,36.916389,-82.338055,0.032388652311711,0.574492873921185,-7879383.354445886,-32527881.120924123,50.011966,90.481,Electric Utility,19876.0,I,None,Democrat,Democrat,48.427,9.109000000000002
6264.0,1300.0,7132758.0,0.626,41.0,['BIT'],1,0,0.0,,0.0,Mountaineer (1301),7116471.7,BIT,0.997716693170148,54,53.0,38.9794,-81.9344,0.90608161803614,0.0398721574129053,724950.8419342255,50029934.85813738,27.848065,3142.706,Electric Utility,733.0,I,None,Republican,Republican,59.541,0.8429999999999964
10151.0,95.7,631409.0,0.753,29.000000000000227,['WC'],1,0,0.0,,0.0,Grant Town Power Plant,627196.02,WC,0.993327656062323,54,49.0,39.561831,-80.163138,0.90608161803614,0.0398721574129053,,,31.710592,1817.798,IPP Non-CHP,563.0,Q,None,Republican,Republican,42.705,6.0589999999999975
50933.0,9.3,12311.0,0.151,63.0,['BIT'],1,"['WAT', 'WAT', 'WAT']",0.0,,9000000.0,Rhinelander Mill,8230.47,BIT,0.36818779636754,55,85.0,45.6394,-89.4205,0.427155986913532,0.331681515035916,,,,52.166,Industrial CHP,61707.0,IND,Passed,Democrat,Republican,39.057,9.277000000000001
4158.0,922.2,3601242.0,0.44975344339536194,54.68900455432663,"['RC', 'RC', 'RC', 'RC']",4,0,0.0,,156591000.0,Dave Johnston,3591173.43,RC,0.99720414067947,56,9.0,42.8378,-105.7769,0.737173959299694,0.0345300275742697,9744260.840354616,28395308.978834007,22.089334,6327.779,Electric Utility,14354.0,I,None,Republican,Republican,60.064,-2.030999999999999
4162.0,448.0,2272649.0,0.6072720076879448,55.14285714285711,"['SUB', 'SUB']",2,['NG'],1.0,2025.0,133149000.0,Naughton,2207664.5,SUB,0.850263986043969,56,23.0,41.7581,-110.5983,0.737173959299694,0.0345300275742697,6720263.452238928,22582576.44979786,40.73423,1639.838,Electric Utility,14354.0,I,None,Republican,Republican,57.304,-0.24099999999999966
6101.0,402.3,1714823.0,0.487,43.0,['SUB'],1,0,0.0,,5470000.0,Wyodak,1711987.3,SUB,0.998346345390365,56,5.0,44.290128,-105.381482,0.737173959299694,0.0345300275742697,18435358.58326435,16955273.953438997,28.673403,1673.668,Electric Utility,14354.0,I,None,Republican,Republican,60.063,5.169000000000004
6204.0,1863.0,8314552.0,0.5311656000227072,39.66666666666674,"['RC', 'RC', 'RC']",3,0,0.0,,244163000.0,Laramie River,8279841.8,RC,0.995825356600779,56,31.0,42.108889,-104.8825,0.737173959299694,0.0345300275742697,11103173.94917022,40849526.381188765,21.564719,5401.429,Electric Utility,1307.0,C,None,Republican,Republican,59.165,0.48400000000000176
56609.0,483.7,2943791.0,0.695,10.0,['SUB'],1,0,0.0,,0.0,Dry Fork Station,2940688.9,SUB,0.998946217993992,56,5.0,44.388889,-105.460833,0.737173959299694,0.0345300275742697,52971221.4049988,47740011.485304736,16.641513,908.167,Electric Utility,1307.0,C,None,Republican,Republican,60.063,5.169000000000004
56564.0,609.0,3421595.0,0.641,9.0,['SUB'],1,0,0.0,,51680000.0,John W. Turk Jr. Power Plant,3409130.0,SUB,0.996356948781951,5,57.0,33.649722,-93.811944,0.350551493143048,0.337626181989066,15861092.766225552,21010083.961571056,32.240124,579.344,Electric Utility,17698.0,I,None,Republican,Republican,41.33,7.628999999999998
50030.0,614.6,1530031.0,0.284,39.00000000000023,['SUB'],1,"['PC', 'PC']",0.0,,0.0,Nelson Industrial Steam Company,1424172.6,PC,0.497604372489929,22,19.0,30.2844,-93.2911,0.0810242880356293,0.646874472712293,,,,14462.497,Electric Utility,11241.0,I,Passed,Democrat,Republican,47.274,6.265000000000001
57914.0,4.0,7678.0,0.22000807501953637,71.0,"['LIG', 'LIG']",2,0,0.0,,0.0,Sidney MT Plant,4530.421,NG,0.590052227142485,30,83.0,47.717222,-104.135556,0.435966310755369,0.0211763074463284,,,,15.237,Industrial CHP,57296.0,COM,Passed,Republican,Republican,51.245,4.905999999999999
6098.0,450.0,1640595.0,0.41600000000000004,46.0,['SUB'],1,0,0.0,,270894000.0,Big Stone,1638390.1,SUB,0.998656021159152,46,51.0,45.303652,-96.510067,0.0945821161206325,0.075731632570351,-13264135.459271539,-9800856.300126247,34.499311,595.384,Electric Utility,14232.0,I,None,Republican,Republican,53.251,11.5
10566.0,285.0,473773.0,0.19,27.0,['BIT'],1,0,0.0,,0.0,Carneys Point,464762.03,BIT,0.980980414510581,34,33.0,39.693494,-75.485811,0.0166812950347288,0.480186310134494,,,,342.44,IPP CHP,14932.0,Q,None,Democrat,Democrat,37.238,7.271000000000001
10684.0,62.5,304525.0,0.632403250964617,46.72000000000003,"['RC', 'RC', 'RC']",3,0,0.0,,0.0,Argus Cogen Plant,294153.809,RC,0.965943046062461,6,71.0,35.765,-117.3833,0.00149359294146745,0.493748934640748,,,,2.143,Industrial CHP,49968.0,IND,None,Democrat,Democrat,35.125,6.957999999999998
6076.0,1647.4,10010332.0,0.6986021846228476,36.0,"['SUB', 'SUB']",2,0,0.0,,36255000.0,Colstrip,10002582.0,SUB,0.999225793714734,30,87.0,45.8831,-106.614,0.435966310755369,0.0211763074463284,65617944.11978231,70778484.10780174,,4402.959,IPP Non-CHP,15298.0,Q,Passed,Republican,Republican,52.753,-0.06199999999999761
10784.0,46.1,322000.0,0.797,31.0,['WC'],1,0,0.0,,0.0,Colstrip Energy Limited Partnership,321741.55,WC,0.999197354042253,30,87.0,45.9752,-106.6547,0.435966310755369,0.0211763074463284,,,,4817.892,IPP Non-CHP,4217.0,Q,Passed,Republican,Republican,52.753,-0.06199999999999761
55749.0,115.7,481674.0,0.475,15.0,['SUB'],1,0,0.0,,0.0,Hardin Generating Station,478781.35,SUB,0.993994593828999,30,3.0,45.7578,-107.6,0.435966310755369,0.0211763074463284,601081.0613725656,2435632.9029643177,36.113192,304.063,IPP Non-CHP,16233.0,Q,Passed,Republican,Republican,34.113,2.7029999999999994
62319.0,1.5,5436.0,0.414,10.0,['SUB'],1,0,0.0,,0.0,Western Sugar Cooperative - Billings,4933.552,SUB,0.907570272259014,30,111.0,45.765346,-108.499232,0.435966310755369,0.0211763074463284,,,,19.39,Industrial CHP,61819.0,IND,Passed,Republican,Republican,40.493,5.015000000000001
8224.0,567.0,1568146.0,0.34141768942432654,37.95555555555575,"['BIT', 'BIT']",2,0,1.0,2025.0,10209000.0,North Valmy,1562465.57,BIT,0.996377608991114,32,13.0,40.881317,-117.151605,0.0659696584453055,0.626266509861689,5924414.298947515,3208816.6386949485,48.939582,2392.789,Electric Utility,17166.0,I,None,Democrat,Democrat,47.304,1.5120000000000005
10504.0,6.2,29659.826,0.546,26.999999999999773,['BIT'],1,['NG'],0.0,,0.0,Amalgamated Sugar Twin Falls,16115.027,NG,0.426352689942319,16,83.0,42.5328,-114.4328,0.000957267667454198,0.293176734554006,,,,27.466,Industrial CHP,450.0,C,Passed,Republican,Republican,43.454,7.033999999999999
10673.0,203.0,1107052.0,0.623,29.0,['SUB'],1,0,0.0,,0.0,AES Hawaii,1084555.1,SUB,0.979678544605467,15,3.0,21.303419,-158.106528,0.118099883071735,0.0,,,,2893.917,IPP CHP,177.0,I,None,Democrat,Democrat,33.491,16.694
59.0,109.8,422232.0,0.439,39.0,['SUB'],1,0,0.0,,42000000.0,Platte,421754.77,SUB,0.998869746961078,31,79.0,40.854765,-98.348222,0.49942375033099,0.0309505875479779,-3486692.9069485096,-472608.73152851005,34.888522,438.363,Electric Utility,40606.0,M,None,Republican,Republican,42.191,7.330000000000005
50308.0,20.0,65058.0,0.3873851947493006,57.5,"['SUB', 'SUB', 'SUB', 'SUB']",4,0,0.0,,0.0,Utility Plants Section,65058.0,SUB,1.0,2,90.0,64.825601,-147.648627,0.114075624112421,0.467487144463062,,,,53.22,Electric Utility,56389.0,I,None,Republican,Republican,36.598,4.170999999999999
6177.0,821.8,3402198.0,0.47411259280030144,41.49999999999977,"['RC', 'RC']",2,0,0.0,,312028000.0,Coronado Generating Station,3388988.7,RC,0.996117430813739,4,1.0,34.5789,-109.2708,0.131792167085202,0.441896059332372,3704429.011709911,-8155873.984047872,43.82064,154.191,Electric Utility,16572.0,P,None,Republican,Republican,38.67,2.568000000000005
8223.0,1765.8000000000002,8127656.0,0.5536190608952938,23.122833843017588,"['SUB', 'SUB', 'RC', 'RC']",4,"['SUN', 'SUN', 'SUN']",0.0,,4203000.0,Springerville Generating Station,8101725.1,RC,0.994853100201605,4,1.0,34.3186,-109.1639,0.131792167085202,0.441896059332372,21109130.583084766,14754099.65398108,39.44495,6012.245,Electric Utility,24211.0,I,None,Republican,Republican,38.67,2.568000000000005
130.0,2390.1,7356688.0,0.41100312681467527,22.046274214467985,"['RC', 'RC', 'RC', 'RC']",4,0,0.0,,0.0,Cross,7322977.6,RC,0.995417721800729,45,15.0,33.371506,-80.113235,0.154803685749238,0.234607360018203,-108381820.48177546,-91280544.98978196,40.853217,3901.722,Electric Utility,17543.0,S,Introduced,Republican,Republican,40.966,4.8430000000000035
645.0,486.0,1632101.0,0.38299999999999995,36.0,['BIT'],1,"['SUN', 'NG', 'NG', 'NG', 'NG']",2.0,2023.0,0.0,Big Bend,1327008.0,BIT,0.404690724526214,12,57.0,27.7944,-82.4036,0.074678734025661,0.740780814427665,,,49.381936,1405.37,Electric Utility,18454.0,I,None,Republican,Republican,30.753,4.789999999999999
667.0,595.0,1623464.0,0.4672980115358271,52.0,"['BIT', 'BIT']",2,"['DFO', 'DFO', 'DFO', 'DFO', 'NG']",0.0,,0.0,Northside,581980.05,NG,0.181312530906493,12,31.0,30.4172,-81.5525,0.074678734025661,0.740780814427665,-14384435.566021074,-5768537.718388296,63.234768,1504.532,Electric Utility,9617.0,M,None,Republican,Republican,37.267,7.519000000000002
165.0,594.0,1214266.0,0.233,36.0,['SUB'],1,"['NG', 'NG']",0.0,,83993000.0,Grand River Dam Authority,1166578.8,SUB,0.387576468414538,40,97.0,36.190278,-95.2894,0.13926152137152,0.419260864220978,-1380808.6997685598,-1242599.3028509545,34.023944,1349.119,Electric Utility,7490.0,S,None,Republican,Republican,53.321,3.5859999999999985
2963.0,473.0,2326823.0,0.562,42.0,['SUB'],1,"['NG', 'NG', 'NG', 'NG']",1.0,2026.0,107893000.0,Northeastern,2296843.0,SUB,0.477530125339704,40,131.0,36.4317,-95.7008,0.13926152137152,0.419260864220978,3120375.176536532,14758593.62527469,27.901857,4570.229,Electric Utility,15474.0,I,None,Republican,Republican,51.008,5.670000000000002
6095.0,1138.0,3194686.0,0.3284048566901411,41.5,"['SUB', 'SUB']",2,0,0.0,,524344000.0,Sooner,3167612.3,SUB,0.991525382885035,40,103.0,36.45307,-97.05279,0.13926152137152,0.419260864220978,-4111853.8650089996,13725334.173108365,33.97776,565.777,Electric Utility,14063.0,I,None,Republican,Republican,57.505,-0.47699999999999676
6772.0,446.0,834320.0,0.21400000000000002,39.0,['SUB'],1,0,0.0,,3040000.0,Hugo,829515.03,SUB,0.994240859594596,40,23.0,34.0158,-95.3206,0.13926152137152,0.419260864220978,-2135272.6946823667,-1484144.1168592144,44.218639,2427.039,Electric Utility,20447.0,C,None,Republican,Republican,55.128,-0.009000000000000341
6181.0,932.0,-5118.0,-0.001,43.52145922746786,"['SUB', 'SUB']",2,0,0.0,,764000.0,J T Deely,-2559.0,SUB,1.0,48,29.0,29.308056,-98.3228,0.184801255632154,0.482872080083905,,,,,Electric Utility,16604.0,M,None,Republican,Republican,29.927,6.111999999999998
6194.0,1135.8,2491884.0,0.2508679705796899,37.5,"['SUB', 'SUB']",2,0,0.0,,1070000.0,Tolk Station,2460042.1,SUB,0.987221772557981,48,279.0,34.186494,-102.56999,0.184801255632154,0.482872080083905,-5291018.332913186,13986926.852369621,34.941456,6914.594,Electric Utility,17718.0,I,None,Republican,Republican,56.017,1.75
525.0,465.4,2474838.0,0.6229720915065955,49.490760636012055,"['BIT', 'BIT']",2,0,1.0,2028.0,125581000.0,Hayden,2472123.5,BIT,0.998903156090243,8,107.0,40.4856,-107.185,0.415290737280412,0.256187112275357,22956571.784291152,12406719.332548013,32.222094,1628.192,Electric Utility,15466.0,I,Passed,Democrat,Democrat,32.296,-0.2289999999999992
6248.0,552.3,2871522.0,0.594,40.00000000000023,['SUB'],1,0,1.0,2026.0,271700000.0,Pawnee,2859375.2,SUB,0.995769900804275,8,87.0,40.2217,-103.6803,0.415290737280412,0.256187112275357,34363992.60851754,31645842.20124679,25.480658,1490.149,Electric Utility,15466.0,I,Passed,Democrat,Democrat,44.326,6.042999999999999
6761.0,293.6,1673655.0,0.651,37.0,['SUB'],1,"['NG', 'NG', 'NG', 'NG', 'NG']",1.0,2030.0,0.0,Rawhide Energy Station,1672733.2,SUB,0.897287946268879,8,69.0,40.860905,-105.021207,0.415290737280412,0.256187112275357,26891912.117995963,24629941.947430115,29.349747,669.14,Electric Utility,15143.0,P,Passed,Democrat,Democrat,30.517,4.407999999999998
8219.0,207.0,1158854.0,0.639,41.0,['SUB'],1,"['NG', 'NG']",1.0,2030.0,88213000.0,Ray D Nixon,1156820.2,SUB,0.995041368290248,8,41.0,38.633451,-104.70577,0.415290737280412,0.256187112275357,14192575.265649518,12481810.715720752,32.250033,506.829,Electric Utility,3989.0,M,Passed,Democrat,Democrat,36.701,4.745000000000001
594.0,445.5,284499.0,0.073,41.0,['BIT'],1,['DFO'],1.0,2026.0,336565000.0,Indian River,276729.37,BIT,0.970946177327111,10,5.0,38.5857,-75.2341,0.0642790408457267,0.867385271882867,1656559.8102076254,15030700.9469996,89.943394,638.631,IPP Non-CHP,9332.0,Q,None,Democrat,Democrat,34.792,3.187000000000001
10678.0,229.0,1251759.0,0.624,22.0,['BIT'],1,0,0.0,,0.0,AES Warrior Run,1250772.1,BIT,0.999211558319732,24,1.0,39.595171,-78.745333,0.135555029318402,0.364423040453014,-9515285.540890528,-3559807.2869222965,,824.835,IPP CHP,35.0,Q,None,Republican,Democrat,43.423,6.105000000000004
889.0,1259.6,6885339.0,0.6240216923233554,49.48880597014909,"['RC', 'RC']",2,0,1.0,2025.0,456531000.0,Baldwin Energy Complex,6871535.8,RC,0.997995277790093,17,157.0,38.205,-89.8544,0.237104081209513,0.113896706725928,1203163.6669984255,19624535.587242585,33.580415,2226.628,IPP Non-CHP,5517.0,Q,None,Democrat,Democrat,57.28,14.304000000000002
994.0,1865.1,7797292.0,0.47834914583165533,43.00718460136204,"['BIT', 'BIT', 'BIT']",3,"['DFO', 'DFO', 'DFO']",1.0,2023.0,273165000.0,IPL - Petersburg Generating Station,8289743.1,BIT,0.998096221152729,18,125.0,38.5281,-87.2525,0.578453961982309,0.293217129899596,3209305.1861566138,48707495.37511477,31.637496,6005.477,Electric Utility,9273.0,I,Introduced,Republican,Republican,59.534,2.798000000000002
997.0,540.0,1485359.0,0.314,47.0,['SUB'],1,0,1.0,2028.0,260802000.0,Michigan City Generating Station,1463950.8,SUB,0.985587210573313,18,91.0,41.7208,-86.9086,0.578453961982309,0.293217129899596,-6463472.8811237905,8838954.824527143,42.917768,658.887,Electric Utility,13756.0,I,Introduced,Republican,Republican,39.942,8.612000000000002
1004.0,804.5,3840179.0,0.5491870834666822,8.0,"['SGC', 'SGC', 'SGC']",3,0,0.0,,0.0,Edwardsport Generating Station,2724198.3,SGC,0.709393566997318,18,83.0,38.8067,-87.2472,0.578453961982309,0.293217129899596,,,,66.861,Electric Utility,15470.0,I,Introduced,Republican,Republican,46.499,0.382000000000005
1012.0,368.9,2118170.0,0.756114408191977,49.96774193548367,"['BIT', 'BIT']",2,0,2.0,2024.0,14326000.0,F B Culley Generating Station,2068976.4,BIT,0.976775440669973,18,173.0,37.9111,-87.3275,0.578453961982309,0.293217129899596,-9483835.313817956,-7060090.2385854265,46.221473,1518.802,Electric Utility,17633.0,I,Introduced,Republican,Republican,48.938,7.636000000000003
1040.0,93.9,27965.0,0.034572680135884146,54.32587859424916,"['BIT', 'BIT']",2,0,0.0,,2046000.0,Whitewater Valley,27470.839,BIT,0.982329304487753,18,177.0,39.8028,-84.8953,0.578453961982309,0.293217129899596,-693324.3556385423,337906.8553201093,143.846772,510.334,Electric Utility,15989.0,M,Introduced,Republican,Republican,41.567,7.221000000000004
6113.0,3339.5,9230440.0,0.33297058645091676,43.00000000000023,"['BIT', 'BIT', 'BIT', 'BIT', 'BIT']",5,0,2.0,2024.0,0.0,Gibson,9191145.9,BIT,0.995742983233927,18,51.0,38.372222,-87.765833,0.578453961982309,0.293217129899596,20417554.315142058,137956359.40853915,41.602982,9110.168,Electric Utility,15470.0,I,Introduced,Republican,Republican,59.584,4.82
6213.0,1080.0,5271798.0,0.5599038441912987,38.5,"['BIT', 'BIT']",2,0,1.0,2023.0,6917000.0,Merom,5266376.3,BIT,0.998971567193909,18,153.0,39.0694,-87.5108,0.578453961982309,0.293217129899596,-4378941.912818768,25738275.38693221,31.813424,3866.817,Electric Utility,9267.0,C,Introduced,Republican,Republican,58.036,1.634999999999998
6705.0,822.8,4722229.0,0.6567533029423182,55.25206611570252,"['BIT', 'BIT', 'BIT', 'BIT']",4,0,0.0,,3835000.0,Alcoa Allowance Management Inc,4692782.1,BIT,0.993764188098363,18,173.0,37.915,-87.3328,0.578453961982309,0.293217129899596,-22029724.42485442,8086345.032931987,,4250.418,IPP CHP,261.0,I,Introduced,Republican,Republican,48.938,7.636000000000003
1082.0,1648.3,6362848.0,0.4668661278722987,26.76964144876547,"['RC', 'RC']",2,0,0.0,,4100000.0,Walter Scott Jr. Energy Center,6329333.9,RC,0.994732851518007,19,155.0,41.18,-95.8408,0.328973043305685,0.096186892878803,34576179.25122557,81897545.23782396,24.706779,7629.866,Electric Utility,12341.0,I,None,Republican,Republican,44.553,9.052999999999997
1104.0,212.0,1055160.0,0.568,53.0,['SUB'],1,"['NG', 'NG', 'NG', 'NG']",0.0,,5641000.0,Burlington (IA),1052754.9,SUB,0.99720837798794,19,57.0,40.7412,-91.116667,0.328973043305685,0.096186892878803,,,30.306182,2821.421,Electric Utility,9417.0,I,None,Republican,Republican,38.011,6.514000000000003
6254.0,725.9,4175485.0,0.657,40.0,['SUB'],1,0,0.0,,458223000.0,Ottumwa,4165463.5,SUB,0.997599914513021,19,179.0,41.0961,-92.555833,0.328973043305685,0.096186892878803,1388405.189729706,3529326.0285269213,24.526625,1506.655,Electric Utility,9417.0,I,None,Republican,Republican,45.689,4.536000000000001
7343.0,695.9,1448006.0,0.23799999999999996,42.00000000000023,['RC'],1,0,0.0,,281243000.0,George Neal South,1442891.252,RC,0.996467740428573,19,193.0,42.3006,-96.3617,0.328973043305685,0.096186892878803,-3659874.2605565395,18220412.451461792,36.869297,2279.724,Electric Utility,12341.0,I,None,Republican,Republican,41.702,3.6879999999999953
6071.0,1400.1,8237427.0,0.6783656749856478,18.490893507606415,"['RC', 'RC']",2,"['NG', 'NG', 'NG', 'NG', 'NG', 'NG']",0.0,,42900000.0,Trimble County,8220276.85,RC,0.907200966016151,21,223.0,38.5847,-85.4117,0.713294641043891,0.208454594061024,15306394.236424772,63472030.47040938,26.306292,2900.786,Electric Utility,11249.0,I,None,Democrat,Republican,56.555,4.915999999999997
6639.0,586.0,2386964.0,0.47060538407784946,41.0,"['BIT', 'BIT']",2,0,1.0,2022.0,20000000.0,R D Green,2377318.1,BIT,0.995958908538899,21,233.0,37.6461,-87.5,0.713294641043891,0.208454594061024,861217.4948991555,19312574.36864704,36.360118,2731.906,Electric Utility,1692.0,C,None,Democrat,Republican,59.742,6.794999999999995
1733.0,3279.6000000000004,14722484.0,0.5338966818371139,48.24917672886977,"['RC', 'RC', 'RC', 'RC']",4,0,0.0,,8728000.0,Monroe,13815686.0,RC,0.938408590673677,26,115.0,41.8906,-83.3464,0.321371802989652,0.264501673831973,34241426.6567495,90775144.30676945,33.063188,3693.151,Electric Utility,5109.0,I,Passed,Democrat,Republican,44.616,9.089999999999996
6034.0,1395.0,6885605.0,0.5645774178158637,36.5,"['RC', 'RC']",2,"['NG', 'NG', 'NG']",1.0,2028.0,34800000.0,Belle River,6868146.7,RC,0.976774892174977,26,147.0,42.7756,-82.495,0.321371802989652,0.264501673831973,,,34.790339,22351.747,Electric Utility,5109.0,I,Passed,Democrat,Republican,41.877,6.536000000000001
54867.0,6.2,0.0,0.0,91.0,['BIT'],1,0,0.0,,0.0,Neenah Paper Munising Mill,0.0,BIT,1.0,26,3.0,46.4094,-86.6443,0.321371802989652,0.264501673831973,,,,,Industrial CHP,50021.0,IND,Passed,Democrat,Republican,34.343,4.366000000000003
1915.0,598.4,1297884.0,0.24800000000000003,63.0,['SUB'],1,0,1.0,2028.0,0.0,Allen S King,1305868.2,SUB,1.0,27,163.0,45.03,-92.7786,0.266049997834806,0.2162123240102,-4899791.436315588,5304845.506001019,46.346537,796.751,Electric Utility,13781.0,I,Introduced,Democrat,Divided,30.901,4.315999999999999
1979.0,35.9,13424.035,0.060180197906218216,39.61002785515325,"['SUB', 'SUB', 'SUB']",3,0,0.0,,0.0,Hibbing,379.932,NG,0.0283023695930471,27,137.0,47.4294,-92.935,0.266049997834806,0.2162123240102,,,,0.334,Electric Utility,8543.0,M,Introduced,Democrat,Divided,33.542,6.269000000000002
2107.0,1099.4,3886900.0,0.40566226067045713,53.50000000000023,"['RC', 'RC']",2,0,1.0,2030.0,0.0,Sioux,3882844.52,RC,0.998956616339521,29,183.0,38.915479,-90.290247,0.751978263380225,0.0787478294207267,8703947.599953588,25609099.42676329,38.419635,1972.725,Electric Utility,19436.0,I,Passed,Republican,Republican,44.295,9.735
6250.0,763.2,1303167.0,0.195,38.0,['BIT'],1,0,1.0,2028.0,0.0,Mayo,1292017.3,BIT,0.991444176923681,37,145.0,36.5278,-78.8917,0.157285066830212,0.365449664813441,,,57.81174,1293.367,Electric Utility,3046.0,I,Passed,Democrat,Republican,51.263,4.582999999999998
2790.0,115.0,501446.0,0.5762541071222027,61.130434782608745,"['LIG', 'LIG']",2,['NG'],0.0,,9200000.0,R M Heskett,491713.47,LIG,0.968565272521303,38,59.0,46.8669,-100.8836,0.567079910255583,0.0366637556112879,,,62.379971,1459.445,Electric Utility,12199.0,I,None,Republican,Republican,49.91,6.255999999999993
6030.0,1209.6,8970990.0,0.8466281841803412,41.49999999999977,"['RC', 'RC']",2,"['DFO', 'DFO']",0.0,,938000.0,Coal Creek,8966220.6,RC,0.999465237276507,38,55.0,47.377743,-101.157058,0.567079910255583,0.0366637556112879,-40003101.829040885,-9451443.35095555,23.718404,6100.93,Electric Utility,7570.0,C,None,Republican,Republican,56.929,2.3130000000000024
56786.0,106.2,171833.0,0.185,7.0,['RC'],1,0,1.0,2022.0,17108000.0,Spiritwood Station,114048.46,RC,0.663716864630193,38,93.0,46.926423,-98.499713,0.567079910255583,0.0366637556112879,,-8876384.653471911,101.38656,3.936,Electric Utility,7570.0,C,None,Republican,Republican,45.771,6.427999999999997
2828.0,1880.4,10066943.0,0.6145670679768426,50.54328866198671,"['BIT', 'BIT', 'BIT']",3,0,2.0,2030.0,392975000.0,Cardinal,10019137.0,BIT,0.995251143196719,39,81.0,40.2522,-80.6486,0.363510582472614,0.446241978357804,-12427356.634999195,78419187.49439245,31.159688,10687.58,IPP Non-CHP,61412.0,C,None,Republican,Republican,56.541,9.160999999999994
3122.0,2012.0,4436636.0,0.26234512297154866,49.24850894632209,"['BIT', 'BIT', 'BIT']",3,0,0.0,,804000000.0,Homer City,4403331.3,BIT,0.992493258595557,42,63.0,40.512825,-79.196107,0.121210149334547,0.524930088751098,-40246685.10877952,20679687.716997247,41.766574,4735.682,IPP Non-CHP,58615.0,Q,None,Democrat,Republican,44.962,-3.4279999999999973
8226.0,637.0,1379392.0,0.24700000000000003,51.0,['BIT'],1,0,0.0,,0.0,Cheswick,1353255.6,BIT,0.98105220966004,42,3.0,40.5383,-79.7906,0.121210149334547,0.524930088751098,,,44.420204,1727.914,IPP Non-CHP,14165.0,Q,None,Democrat,Republican,25.553,4.138000000000002
50397.0,45.9,140810.71,0.35,32.00000000000023,['BIT'],1,"['NG', 'NG', 'NG', 'BLQ']",0.0,,2029000.0,Pixelle Specialty Solutions,77936.85,BLQ,0.176078989814476,42,133.0,39.870935,-76.868117,0.121210149334547,0.524930088751098,,,,1931.055,Industrial CHP,61988.0,IND,None,Democrat,Republican,36.115,4.399000000000001
3396.0,950.0,817760.0,0.09799999999999999,54.0,['BIT'],1,0,1.0,2023.0,0.0,Bull Run,812429.69,BIT,0.993481811321259,47,1.0,36.0211,-84.1567,0.230969402715074,0.176909934752331,-8709760.535650896,-4246201.591160776,67.203474,273.66,Electric Utility,18642.0,F,None,Republican,Republican,45.153,5.412999999999997
7213.0,848.0,892660.0,0.12041307104608698,25.5,"['BIT', 'BIT']",2,0,0.0,,0.0,Clover Power Station,888402.56,BIT,0.995230614119598,51,83.0,36.869,-78.704,0.032388652311711,0.574492873921185,-25706728.04388479,10424164.149970226,59.613449,326.764,Electric Utility,19876.0,I,None,Democrat,Democrat,44.091,5.3160000000000025
50900.0,44.5,247718.0,0.6484696711583332,40.96629213483152,"['BIT', 'BIT']",2,"['BLQ', 'WDS']",0.0,,10160000.0,WestRock Virginia Corp Covington Ops,117602.28,BLQ,0.134270789854826,51,580.0,37.799722,-79.9947,0.032388652311711,0.574492873921185,,,,1939.12,Industrial CHP,20508.0,IND,None,Democrat,Democrat,48.182,11.858000000000004
3954.0,1662.4,5508683.0,0.38292481306330384,53.14497112608274,"['BIT', 'BIT', 'BIT']",3,['JF'],0.0,,0.0,Mount Storm Power Station,5478845.3,BIT,0.994579173704195,54,23.0,39.2008,-79.2636,0.90608161803614,0.0398721574129053,-135367302.41013917,-5112537.962878276,47.868117,2997.616,Electric Utility,19876.0,I,None,Republican,Republican,62.154,0.980000000000004
6004.0,1368.0,7582771.0,0.635220655351454,41.5,"['RC', 'RC']",2,0,1.0,2023.0,0.0,Pleasants Power Station,7559814.43,RC,0.996972532214897,54,73.0,39.366667,-81.294444,0.90608161803614,0.0398721574129053,-4702272.910774053,69512616.94338219,31.577244,16294.59,IPP Non-CHP,64226.0,Q,None,Republican,Republican,61.377,4.689
4050.0,413.7,2310548.0,0.638,36.0,['SUB'],1,0,1.0,2025.0,365030000.0,Edgewater (4050),2307419.1,SUB,0.998645808713994,55,117.0,43.715142,-87.705863,0.427155986913532,0.331681515035916,-7422796.360536293,2914420.5712752757,32.027239,642.679,Electric Utility,20856.0,I,Passed,Democrat,Republican,39.581,7.640000000000004
8023.0,1112.0,5906813.0,0.6064199489640183,44.5,"['RC', 'RC']",2,0,1.0,2026.0,676901000.0,Columbia,5900823.3,RC,0.998985969420201,55,21.0,43.4864,-89.4203,0.427155986913532,0.331681515035916,-11973333.227158591,10103090.875596821,31.069471,1880.183,Electric Utility,20856.0,I,Passed,Democrat,Republican,40.256,5.454000000000001
10234.0,38.5,127667.085,0.39216671604117853,44.15584415584408,"['BIT', 'SUB']",2,"['NG', 'NG']",0.0,,0.0,Biron Mill,98999.476,NG,0.455968681436513,55,141.0,44.43,-89.78,0.427155986913532,0.331681515035916,,,,222.619,Industrial CHP,61813.0,Q,Passed,Democrat,Republican,39.544,9.017999999999997
56068.0,1402.6,7703887.0,0.6324034824238726,10.5,"['RC', 'RC']",2,0,0.0,,0.0,Elm Road Generating Station,7694962.4,RC,0.998841538312697,55,79.0,42.8492,-87.8336,0.427155986913532,0.331681515035916,-2651686.644934979,-30774869.573969536,33.589384,576.654,Electric Utility,20847.0,I,Passed,Democrat,Republican,29.031,7.549999999999997
54318.0,30.0,203415.0,0.8012250571491778,48.5,"['BIT', 'BIT']",2,0,0.0,,22768000.0,General Chemical,151531.72,BIT,0.74493877415598,56,37.0,41.5933,-109.7542,0.737173959299694,0.0345300275742697,,,,11.818,Industrial CHP,7067.0,IND,None,Republican,Republican,55.607,-1.975999999999999
55479.0,90.0,521516.0,0.661,18.0,['SUB'],1,0,0.0,,397000.0,Wygen I,520392.48,SUB,0.997845671069607,56,5.0,44.2858,-105.3833,0.737173959299694,0.0345300275742697,12218588.859110186,10948232.372649873,,264.843,IPP Non-CHP,19545.0,I,None,Republican,Republican,60.063,5.169000000000004
57915.0,41.0,244436.0,0.7028962918719011,51.56097560975604,"['SUB', 'SUB', 'SUB', 'SUB', 'SUB', 'SUB']",6,0,0.0,,0.0,Genesis Alkali,210279.29,SUB,0.860263191350917,56,37.0,41.621667,-109.811944,0.737173959299694,0.0345300275742697,,,,5.754,Industrial CHP,61167.0,IND,None,Republican,Republican,55.607,-1.975999999999999
6009.0,1800.0,7060258.0,0.4549143784830526,40.5,"['SUB', 'SUB']",2,0,1.0,2028.0,21600000.0,White Bluff,7040119.1,SUB,0.997147575042512,5,69.0,34.4228,-92.1406,0.350551493143048,0.337626181989066,-14047347.001534779,25084571.844424434,32.338635,18523.275,Electric Utility,814.0,I,None,Republican,Republican,38.286,6.319000000000003
56456.0,720.0,4046219.0,0.642,11.0,['SUB'],1,0,0.0,,0.0,Plum Point Energy Station,4034327.8,SUB,0.99706116547472,5,93.0,35.6644,-89.9489,0.350551493143048,0.337626181989066,-12206274.328608673,12295689.151630474,32.148301,2806.579,IPP Non-CHP,58905.0,Q,None,Republican,Republican,40.241,11.969999999999999
55076.0,513.7,2760090.0,0.613,20.0,['RC'],1,0,0.0,,17800000.0,Red Hills Generation Facility,2752808.8,RC,0.997361954903934,28,19.0,33.3761,-89.2183,0.0816657136380364,0.717934352764861,-11124920.900835415,-16211352.995991508,40.876255,2843.284,IPP Non-CHP,3593.0,COM,None,Republican,Republican,56.094,1.3810000000000002
50951.0,58.1,400898.0,0.788,28.0,['WC'],1,0,0.0,,0.0,Sunnyside Cogeneration Associates,399316.48,WC,0.996055043975587,49,7.0,39.5472,-110.3917,0.619721191398972,0.250962634205044,8684730.11598705,10154060.389593674,,3979.661,IPP Non-CHP,21734.0,Q,Introduced,Republican,Republican,49.09,4.4680000000000035
56224.0,242.0,1192341.0,0.562,13.0,['SUB'],1,0,0.0,,0.0,TS Power Plant,1190007.6,SUB,0.998043011182276,32,11.0,40.7461,-116.5297,0.0659696584453055,0.626266509861689,10620927.102927722,8553969.002072306,46.97174,186.209,IPP Non-CHP,49896.0,Q,None,Democrat,Democrat,57.825,-0.036999999999999034
10043.0,242.3,565480.43,0.266,27.0,['BIT'],1,0,0.0,,0.0,Logan Generating Plant,561532.15,BIT,0.993017832629536,34,15.0,39.7928,-75.406667,0.0166812950347288,0.480186310134494,,,,446.622,IPP CHP,63046.0,Q,None,Democrat,Democrat,35.027,9.346
